<?xml version="1.0" encoding="UTF-8"?>
<gpx creator="StravaGPX" version="1.1" xmlns="http://www.topografix.com/GPX/1/1" xmlns:xsi="http://www.w3.org/2001/XMLSchema-instance" xsi:schemaLocation="http://www.topografix.com/GPX/1/1 http://www.topografix.com/GPX/1/1/gpx.xsd">
 <trk>
  <name>Loop 2 CYF</name>
  <type>trail_running</type>
  <trkseg>
   <trkpt lat="27.6171800" lon="85.3789330">
    <ele>1476.0</ele>
   </trkpt>
   <trkpt lat="27.6171870" lon="85.3789390">
    <ele>1476.0</ele>
   </trkpt>
   <trkpt lat="27.6171940" lon="85.3789440">
    <ele>1476.0</ele>
   </trkpt>
   <trkpt lat="27.6172000" lon="85.3789500">
    <ele>1476.0</ele>
   </trkpt>
   <trkpt lat="27.6172070" lon="85.3789550">
    <ele>1476.0</ele>
   </trkpt>
   <trkpt lat="27.6172140" lon="85.3789610">
    <ele>1476.0</ele>
   </trkpt>
   <trkpt lat="27.6172250" lon="85.3789760">
    <ele>1476.0</ele>
   </trkpt>
   <trkpt lat="27.6172360" lon="85.3789900">
    <ele>1476.0</ele>
   </trkpt>
   <trkpt lat="27.6172470" lon="85.3790040">
    <ele>1477.0</ele>
   </trkpt>
   <trkpt lat="27.6172710" lon="85.3790500">
    <ele>1477.0</ele>
   </trkpt>
   <trkpt lat="27.6172770" lon="85.3790610">
    <ele>1477.0</ele>
   </trkpt>
   <trkpt lat="27.6172820" lon="85.3790710">
    <ele>1477.0</ele>
   </trkpt>
   <trkpt lat="27.6172870" lon="85.3790820">
    <ele>1478.0</ele>
   </trkpt>
   <trkpt lat="27.6173020" lon="85.3791000">
    <ele>1478.0</ele>
   </trkpt>
   <trkpt lat="27.6173090" lon="85.3791060">
    <ele>1478.0</ele>
   </trkpt>
   <trkpt lat="27.6173150" lon="85.3791120">
    <ele>1478.0</ele>
   </trkpt>
   <trkpt lat="27.6173220" lon="85.3791180">
    <ele>1478.0</ele>
   </trkpt>
   <trkpt lat="27.6173430" lon="85.3791420">
    <ele>1478.0</ele>
   </trkpt>
   <trkpt lat="27.6173470" lon="85.3791470">
    <ele>1478.0</ele>
   </trkpt>
   <trkpt lat="27.6173520" lon="85.3791520">
    <ele>1478.0</ele>
   </trkpt>
   <trkpt lat="27.6173560" lon="85.3791580">
    <ele>1478.0</ele>
   </trkpt>
   <trkpt lat="27.6173610" lon="85.3791630">
    <ele>1478.0</ele>
   </trkpt>
   <trkpt lat="27.6173750" lon="85.3791760">
    <ele>1478.0</ele>
   </trkpt>
   <trkpt lat="27.6173790" lon="85.3791780">
    <ele>1478.0</ele>
   </trkpt>
   <trkpt lat="27.6173840" lon="85.3791790">
    <ele>1479.0</ele>
   </trkpt>
   <trkpt lat="27.6173890" lon="85.3791820">
    <ele>1479.0</ele>
   </trkpt>
   <trkpt lat="27.6174020" lon="85.3791740">
    <ele>1479.0</ele>
   </trkpt>
   <trkpt lat="27.6174050" lon="85.3791720">
    <ele>1479.0</ele>
   </trkpt>
   <trkpt lat="27.6174070" lon="85.3791710">
    <ele>1480.0</ele>
   </trkpt>
   <trkpt lat="27.6174100" lon="85.3791690">
    <ele>1480.0</ele>
   </trkpt>
   <trkpt lat="27.6174200" lon="85.3791690">
    <ele>1480.0</ele>
   </trkpt>
   <trkpt lat="27.6174240" lon="85.3791730">
    <ele>1480.0</ele>
   </trkpt>
   <trkpt lat="27.6174290" lon="85.3791780">
    <ele>1480.0</ele>
   </trkpt>
   <trkpt lat="27.6174340" lon="85.3791820">
    <ele>1480.0</ele>
   </trkpt>
   <trkpt lat="27.6174570" lon="85.3792070">
    <ele>1480.0</ele>
   </trkpt>
   <trkpt lat="27.6174680" lon="85.3792180">
    <ele>1480.0</ele>
   </trkpt>
   <trkpt lat="27.6174790" lon="85.3792280">
    <ele>1481.0</ele>
   </trkpt>
   <trkpt lat="27.6174900" lon="85.3792380">
    <ele>1481.0</ele>
   </trkpt>
   <trkpt lat="27.6175290" lon="85.3792650">
    <ele>1481.0</ele>
   </trkpt>
   <trkpt lat="27.6175420" lon="85.3792730">
    <ele>1481.0</ele>
   </trkpt>
   <trkpt lat="27.6175550" lon="85.3792800">
    <ele>1481.0</ele>
   </trkpt>
   <trkpt lat="27.6175680" lon="85.3792870">
    <ele>1481.0</ele>
   </trkpt>
   <trkpt lat="27.6176070" lon="85.3793050">
    <ele>1481.0</ele>
   </trkpt>
   <trkpt lat="27.6176190" lon="85.3793090">
    <ele>1481.0</ele>
   </trkpt>
   <trkpt lat="27.6176320" lon="85.3793130">
    <ele>1482.0</ele>
   </trkpt>
   <trkpt lat="27.6176440" lon="85.3793170">
    <ele>1482.0</ele>
   </trkpt>
   <trkpt lat="27.6176740" lon="85.3793250">
    <ele>1482.0</ele>
   </trkpt>
   <trkpt lat="27.6176820" lon="85.3793270">
    <ele>1482.0</ele>
   </trkpt>
   <trkpt lat="27.6176890" lon="85.3793290">
    <ele>1482.0</ele>
   </trkpt>
   <trkpt lat="27.6176970" lon="85.3793310">
    <ele>1482.0</ele>
   </trkpt>
   <trkpt lat="27.6177210" lon="85.3793370">
    <ele>1482.0</ele>
   </trkpt>
   <trkpt lat="27.6177290" lon="85.3793400">
    <ele>1482.0</ele>
   </trkpt>
   <trkpt lat="27.6177370" lon="85.3793430">
    <ele>1482.0</ele>
   </trkpt>
   <trkpt lat="27.6177450" lon="85.3793460">
    <ele>1482.0</ele>
   </trkpt>
   <trkpt lat="27.6177710" lon="85.3793600">
    <ele>1482.0</ele>
   </trkpt>
   <trkpt lat="27.6177800" lon="85.3793650">
    <ele>1482.0</ele>
   </trkpt>
   <trkpt lat="27.6177890" lon="85.3793700">
    <ele>1483.0</ele>
   </trkpt>
   <trkpt lat="27.6177980" lon="85.3793750">
    <ele>1483.0</ele>
   </trkpt>
   <trkpt lat="27.6178180" lon="85.3793880">
    <ele>1483.0</ele>
   </trkpt>
   <trkpt lat="27.6178250" lon="85.3793920">
    <ele>1483.0</ele>
   </trkpt>
   <trkpt lat="27.6178300" lon="85.3793960">
    <ele>1483.0</ele>
   </trkpt>
   <trkpt lat="27.6178370" lon="85.3794000">
    <ele>1483.0</ele>
   </trkpt>
   <trkpt lat="27.6178540" lon="85.3794150">
    <ele>1483.0</ele>
   </trkpt>
   <trkpt lat="27.6178600" lon="85.3794220">
    <ele>1483.0</ele>
   </trkpt>
   <trkpt lat="27.6178660" lon="85.3794300">
    <ele>1483.0</ele>
   </trkpt>
   <trkpt lat="27.6178730" lon="85.3794380">
    <ele>1483.0</ele>
   </trkpt>
   <trkpt lat="27.6178910" lon="85.3794630">
    <ele>1483.0</ele>
   </trkpt>
   <trkpt lat="27.6178980" lon="85.3794710">
    <ele>1483.0</ele>
   </trkpt>
   <trkpt lat="27.6179040" lon="85.3794800">
    <ele>1484.0</ele>
   </trkpt>
   <trkpt lat="27.6179110" lon="85.3794880">
    <ele>1484.0</ele>
   </trkpt>
   <trkpt lat="27.6179300" lon="85.3795120">
    <ele>1484.0</ele>
   </trkpt>
   <trkpt lat="27.6179370" lon="85.3795200">
    <ele>1484.0</ele>
   </trkpt>
   <trkpt lat="27.6179440" lon="85.3795270">
    <ele>1484.0</ele>
   </trkpt>
   <trkpt lat="27.6179510" lon="85.3795350">
    <ele>1484.0</ele>
   </trkpt>
   <trkpt lat="27.6179720" lon="85.3795540">
    <ele>1484.0</ele>
   </trkpt>
   <trkpt lat="27.6179790" lon="85.3795600">
    <ele>1484.0</ele>
   </trkpt>
   <trkpt lat="27.6179870" lon="85.3795660">
    <ele>1485.0</ele>
   </trkpt>
   <trkpt lat="27.6179950" lon="85.3795730">
    <ele>1485.0</ele>
   </trkpt>
   <trkpt lat="27.6180200" lon="85.3795910">
    <ele>1485.0</ele>
   </trkpt>
   <trkpt lat="27.6180290" lon="85.3795950">
    <ele>1485.0</ele>
   </trkpt>
   <trkpt lat="27.6180380" lon="85.3796000">
    <ele>1485.0</ele>
   </trkpt>
   <trkpt lat="27.6180460" lon="85.3796050">
    <ele>1485.0</ele>
   </trkpt>
   <trkpt lat="27.6180720" lon="85.3796060">
    <ele>1485.0</ele>
   </trkpt>
   <trkpt lat="27.6180790" lon="85.3796000">
    <ele>1485.0</ele>
   </trkpt>
   <trkpt lat="27.6180860" lon="85.3795940">
    <ele>1486.0</ele>
   </trkpt>
   <trkpt lat="27.6180930" lon="85.3795880">
    <ele>1486.0</ele>
   </trkpt>
   <trkpt lat="27.6181130" lon="85.3795600">
    <ele>1486.0</ele>
   </trkpt>
   <trkpt lat="27.6181200" lon="85.3795510">
    <ele>1486.0</ele>
   </trkpt>
   <trkpt lat="27.6181270" lon="85.3795410">
    <ele>1487.0</ele>
   </trkpt>
   <trkpt lat="27.6181350" lon="85.3795320">
    <ele>1487.0</ele>
   </trkpt>
   <trkpt lat="27.6181530" lon="85.3795020">
    <ele>1487.0</ele>
   </trkpt>
   <trkpt lat="27.6181570" lon="85.3794890">
    <ele>1487.0</ele>
   </trkpt>
   <trkpt lat="27.6181620" lon="85.3794750">
    <ele>1487.0</ele>
   </trkpt>
   <trkpt lat="27.6181660" lon="85.3794610">
    <ele>1487.0</ele>
   </trkpt>
   <trkpt lat="27.6181730" lon="85.3794170">
    <ele>1487.0</ele>
   </trkpt>
   <trkpt lat="27.6181740" lon="85.3794050">
    <ele>1487.0</ele>
   </trkpt>
   <trkpt lat="27.6181750" lon="85.3793920">
    <ele>1487.0</ele>
   </trkpt>
   <trkpt lat="27.6181760" lon="85.3793790">
    <ele>1487.0</ele>
   </trkpt>
   <trkpt lat="27.6181770" lon="85.3793500">
    <ele>1487.0</ele>
   </trkpt>
   <trkpt lat="27.6181760" lon="85.3793430">
    <ele>1487.0</ele>
   </trkpt>
   <trkpt lat="27.6181760" lon="85.3793350">
    <ele>1488.0</ele>
   </trkpt>
   <trkpt lat="27.6181750" lon="85.3793280">
    <ele>1487.0</ele>
   </trkpt>
   <trkpt lat="27.6181610" lon="85.3793160">
    <ele>1487.0</ele>
   </trkpt>
   <trkpt lat="27.6181540" lon="85.3793140">
    <ele>1487.0</ele>
   </trkpt>
   <trkpt lat="27.6181460" lon="85.3793120">
    <ele>1487.0</ele>
   </trkpt>
   <trkpt lat="27.6181380" lon="85.3793100">
    <ele>1487.0</ele>
   </trkpt>
   <trkpt lat="27.6181150" lon="85.3793010">
    <ele>1487.0</ele>
   </trkpt>
   <trkpt lat="27.6181100" lon="85.3792960">
    <ele>1487.0</ele>
   </trkpt>
   <trkpt lat="27.6181050" lon="85.3792920">
    <ele>1487.0</ele>
   </trkpt>
   <trkpt lat="27.6181000" lon="85.3792870">
    <ele>1487.0</ele>
   </trkpt>
   <trkpt lat="27.6180890" lon="85.3792760">
    <ele>1487.0</ele>
   </trkpt>
   <trkpt lat="27.6180840" lon="85.3792750">
    <ele>1487.0</ele>
   </trkpt>
   <trkpt lat="27.6180790" lon="85.3792730">
    <ele>1487.0</ele>
   </trkpt>
   <trkpt lat="27.6180730" lon="85.3792720">
    <ele>1486.0</ele>
   </trkpt>
   <trkpt lat="27.6180510" lon="85.3792650">
    <ele>1486.0</ele>
   </trkpt>
   <trkpt lat="27.6180460" lon="85.3792640">
    <ele>1486.0</ele>
   </trkpt>
   <trkpt lat="27.6180420" lon="85.3792620">
    <ele>1486.0</ele>
   </trkpt>
   <trkpt lat="27.6180380" lon="85.3792600">
    <ele>1486.0</ele>
   </trkpt>
   <trkpt lat="27.6180190" lon="85.3792520">
    <ele>1486.0</ele>
   </trkpt>
   <trkpt lat="27.6180110" lon="85.3792490">
    <ele>1486.0</ele>
   </trkpt>
   <trkpt lat="27.6180040" lon="85.3792460">
    <ele>1486.0</ele>
   </trkpt>
   <trkpt lat="27.6179960" lon="85.3792430">
    <ele>1486.0</ele>
   </trkpt>
   <trkpt lat="27.6179660" lon="85.3792320">
    <ele>1486.0</ele>
   </trkpt>
   <trkpt lat="27.6179530" lon="85.3792290">
    <ele>1486.0</ele>
   </trkpt>
   <trkpt lat="27.6179410" lon="85.3792250">
    <ele>1486.0</ele>
   </trkpt>
   <trkpt lat="27.6179290" lon="85.3792220">
    <ele>1486.0</ele>
   </trkpt>
   <trkpt lat="27.6178900" lon="85.3792130">
    <ele>1486.0</ele>
   </trkpt>
   <trkpt lat="27.6178790" lon="85.3792100">
    <ele>1486.0</ele>
   </trkpt>
   <trkpt lat="27.6178680" lon="85.3792070">
    <ele>1486.0</ele>
   </trkpt>
   <trkpt lat="27.6178570" lon="85.3792040">
    <ele>1485.0</ele>
   </trkpt>
   <trkpt lat="27.6178240" lon="85.3791970">
    <ele>1485.0</ele>
   </trkpt>
   <trkpt lat="27.6178120" lon="85.3791940">
    <ele>1485.0</ele>
   </trkpt>
   <trkpt lat="27.6178010" lon="85.3791910">
    <ele>1485.0</ele>
   </trkpt>
   <trkpt lat="27.6177900" lon="85.3791890">
    <ele>1485.0</ele>
   </trkpt>
   <trkpt lat="27.6177540" lon="85.3791820">
    <ele>1485.0</ele>
   </trkpt>
   <trkpt lat="27.6177440" lon="85.3791820">
    <ele>1485.0</ele>
   </trkpt>
   <trkpt lat="27.6177330" lon="85.3791830">
    <ele>1485.0</ele>
   </trkpt>
   <trkpt lat="27.6177230" lon="85.3791830">
    <ele>1484.0</ele>
   </trkpt>
   <trkpt lat="27.6176960" lon="85.3791880">
    <ele>1484.0</ele>
   </trkpt>
   <trkpt lat="27.6176890" lon="85.3791880">
    <ele>1483.0</ele>
   </trkpt>
   <trkpt lat="27.6176820" lon="85.3791880">
    <ele>1483.0</ele>
   </trkpt>
   <trkpt lat="27.6176750" lon="85.3791880">
    <ele>1482.0</ele>
   </trkpt>
   <trkpt lat="27.6176530" lon="85.3791770">
    <ele>1482.0</ele>
   </trkpt>
   <trkpt lat="27.6176440" lon="85.3791720">
    <ele>1482.0</ele>
   </trkpt>
   <trkpt lat="27.6176360" lon="85.3791670">
    <ele>1482.0</ele>
   </trkpt>
   <trkpt lat="27.6176280" lon="85.3791620">
    <ele>1482.0</ele>
   </trkpt>
   <trkpt lat="27.6176030" lon="85.3791480">
    <ele>1482.0</ele>
   </trkpt>
   <trkpt lat="27.6175930" lon="85.3791430">
    <ele>1482.0</ele>
   </trkpt>
   <trkpt lat="27.6175830" lon="85.3791380">
    <ele>1482.0</ele>
   </trkpt>
   <trkpt lat="27.6175740" lon="85.3791340">
    <ele>1481.0</ele>
   </trkpt>
   <trkpt lat="27.6175400" lon="85.3791200">
    <ele>1481.0</ele>
   </trkpt>
   <trkpt lat="27.6175280" lon="85.3791200">
    <ele>1481.0</ele>
   </trkpt>
   <trkpt lat="27.6175160" lon="85.3791190">
    <ele>1481.0</ele>
   </trkpt>
   <trkpt lat="27.6175040" lon="85.3791180">
    <ele>1481.0</ele>
   </trkpt>
   <trkpt lat="27.6174660" lon="85.3791260">
    <ele>1481.0</ele>
   </trkpt>
   <trkpt lat="27.6174550" lon="85.3791300">
    <ele>1481.0</ele>
   </trkpt>
   <trkpt lat="27.6174430" lon="85.3791340">
    <ele>1481.0</ele>
   </trkpt>
   <trkpt lat="27.6174310" lon="85.3791380">
    <ele>1480.0</ele>
   </trkpt>
   <trkpt lat="27.6174020" lon="85.3791550">
    <ele>1480.0</ele>
   </trkpt>
   <trkpt lat="27.6173950" lon="85.3791590">
    <ele>1480.0</ele>
   </trkpt>
   <trkpt lat="27.6173880" lon="85.3791630">
    <ele>1480.0</ele>
   </trkpt>
   <trkpt lat="27.6173810" lon="85.3791670">
    <ele>1479.0</ele>
   </trkpt>
   <trkpt lat="27.6173640" lon="85.3791720">
    <ele>1479.0</ele>
   </trkpt>
   <trkpt lat="27.6173640" lon="85.3791720">
    <ele>1479.0</ele>
   </trkpt>
   <trkpt lat="27.6173640" lon="85.3791720">
    <ele>1479.0</ele>
   </trkpt>
   <trkpt lat="27.6173640" lon="85.3791720">
    <ele>1478.0</ele>
   </trkpt>
   <trkpt lat="27.6173640" lon="85.3791720">
    <ele>1478.0</ele>
   </trkpt>
   <trkpt lat="27.6173640" lon="85.3791720">
    <ele>1478.0</ele>
   </trkpt>
   <trkpt lat="27.6173640" lon="85.3791720">
    <ele>1478.0</ele>
   </trkpt>
   <trkpt lat="27.6173640" lon="85.3791720">
    <ele>1478.0</ele>
   </trkpt>
   <trkpt lat="27.6173640" lon="85.3791720">
    <ele>1478.0</ele>
   </trkpt>
   <trkpt lat="27.6173640" lon="85.3791720">
    <ele>1478.0</ele>
   </trkpt>
   <trkpt lat="27.6173640" lon="85.3791720">
    <ele>1479.0</ele>
   </trkpt>
   <trkpt lat="27.6173640" lon="85.3791720">
    <ele>1479.0</ele>
   </trkpt>
   <trkpt lat="27.6173640" lon="85.3791720">
    <ele>1479.0</ele>
   </trkpt>
   <trkpt lat="27.6173640" lon="85.3791720">
    <ele>1479.0</ele>
   </trkpt>
   <trkpt lat="27.6173640" lon="85.3791720">
    <ele>1479.0</ele>
   </trkpt>
   <trkpt lat="27.6173640" lon="85.3791720">
    <ele>1479.0</ele>
   </trkpt>
   <trkpt lat="27.6173640" lon="85.3791720">
    <ele>1479.0</ele>
   </trkpt>
   <trkpt lat="27.6173640" lon="85.3791720">
    <ele>1479.0</ele>
   </trkpt>
   <trkpt lat="27.6173640" lon="85.3791720">
    <ele>1479.0</ele>
   </trkpt>
   <trkpt lat="27.6173640" lon="85.3791720">
    <ele>1479.0</ele>
   </trkpt>
   <trkpt lat="27.6173640" lon="85.3791720">
    <ele>1479.0</ele>
   </trkpt>
   <trkpt lat="27.6173640" lon="85.3791720">
    <ele>1479.0</ele>
   </trkpt>
   <trkpt lat="27.6173640" lon="85.3791720">
    <ele>1479.0</ele>
   </trkpt>
   <trkpt lat="27.6173640" lon="85.3791720">
    <ele>1479.0</ele>
   </trkpt>
   <trkpt lat="27.6173640" lon="85.3791720">
    <ele>1479.0</ele>
   </trkpt>
   <trkpt lat="27.6173640" lon="85.3791720">
    <ele>1479.0</ele>
   </trkpt>
   <trkpt lat="27.6173640" lon="85.3791720">
    <ele>1479.0</ele>
   </trkpt>
   <trkpt lat="27.6173640" lon="85.3791720">
    <ele>1479.0</ele>
   </trkpt>
   <trkpt lat="27.6173620" lon="85.3791720">
    <ele>1479.0</ele>
   </trkpt>
   <trkpt lat="27.6173660" lon="85.3791790">
    <ele>1479.0</ele>
   </trkpt>
   <trkpt lat="27.6173700" lon="85.3791850">
    <ele>1479.0</ele>
   </trkpt>
   <trkpt lat="27.6173750" lon="85.3791900">
    <ele>1479.0</ele>
   </trkpt>
   <trkpt lat="27.6173790" lon="85.3791960">
    <ele>1479.0</ele>
   </trkpt>
   <trkpt lat="27.6173960" lon="85.3792180">
    <ele>1479.0</ele>
   </trkpt>
   <trkpt lat="27.6174010" lon="85.3792260">
    <ele>1479.0</ele>
   </trkpt>
   <trkpt lat="27.6174070" lon="85.3792330">
    <ele>1478.0</ele>
   </trkpt>
   <trkpt lat="27.6174120" lon="85.3792400">
    <ele>1478.0</ele>
   </trkpt>
   <trkpt lat="27.6174290" lon="85.3792610">
    <ele>1478.0</ele>
   </trkpt>
   <trkpt lat="27.6174370" lon="85.3792680">
    <ele>1478.0</ele>
   </trkpt>
   <trkpt lat="27.6174450" lon="85.3792750">
    <ele>1478.0</ele>
   </trkpt>
   <trkpt lat="27.6174530" lon="85.3792830">
    <ele>1478.0</ele>
   </trkpt>
   <trkpt lat="27.6174850" lon="85.3793100">
    <ele>1478.0</ele>
   </trkpt>
   <trkpt lat="27.6174980" lon="85.3793210">
    <ele>1478.0</ele>
   </trkpt>
   <trkpt lat="27.6175110" lon="85.3793310">
    <ele>1478.0</ele>
   </trkpt>
   <trkpt lat="27.6175240" lon="85.3793410">
    <ele>1478.0</ele>
   </trkpt>
   <trkpt lat="27.6175580" lon="85.3793770">
    <ele>1478.0</ele>
   </trkpt>
   <trkpt lat="27.6175620" lon="85.3793900">
    <ele>1478.0</ele>
   </trkpt>
   <trkpt lat="27.6175660" lon="85.3794040">
    <ele>1478.0</ele>
   </trkpt>
   <trkpt lat="27.6175710" lon="85.3794170">
    <ele>1478.0</ele>
   </trkpt>
   <trkpt lat="27.6175620" lon="85.3794690">
    <ele>1478.0</ele>
   </trkpt>
   <trkpt lat="27.6175550" lon="85.3794870">
    <ele>1478.0</ele>
   </trkpt>
   <trkpt lat="27.6175490" lon="85.3795060">
    <ele>1478.0</ele>
   </trkpt>
   <trkpt lat="27.6175420" lon="85.3795250">
    <ele>1478.0</ele>
   </trkpt>
   <trkpt lat="27.6175230" lon="85.3795780">
    <ele>1478.0</ele>
   </trkpt>
   <trkpt lat="27.6175170" lon="85.3795930">
    <ele>1478.0</ele>
   </trkpt>
   <trkpt lat="27.6175110" lon="85.3796070">
    <ele>1478.0</ele>
   </trkpt>
   <trkpt lat="27.6175050" lon="85.3796220">
    <ele>1478.0</ele>
   </trkpt>
   <trkpt lat="27.6174890" lon="85.3796540">
    <ele>1478.0</ele>
   </trkpt>
   <trkpt lat="27.6174850" lon="85.3796640">
    <ele>1479.0</ele>
   </trkpt>
   <trkpt lat="27.6174810" lon="85.3796750">
    <ele>1479.0</ele>
   </trkpt>
   <trkpt lat="27.6174770" lon="85.3796850">
    <ele>1479.0</ele>
   </trkpt>
   <trkpt lat="27.6174730" lon="85.3797180">
    <ele>1479.0</ele>
   </trkpt>
   <trkpt lat="27.6174720" lon="85.3797320">
    <ele>1479.0</ele>
   </trkpt>
   <trkpt lat="27.6174700" lon="85.3797450">
    <ele>1479.0</ele>
   </trkpt>
   <trkpt lat="27.6174690" lon="85.3797590">
    <ele>1479.0</ele>
   </trkpt>
   <trkpt lat="27.6174600" lon="85.3798030">
    <ele>1479.0</ele>
   </trkpt>
   <trkpt lat="27.6174570" lon="85.3798190">
    <ele>1480.0</ele>
   </trkpt>
   <trkpt lat="27.6174530" lon="85.3798340">
    <ele>1480.0</ele>
   </trkpt>
   <trkpt lat="27.6174500" lon="85.3798500">
    <ele>1480.0</ele>
   </trkpt>
   <trkpt lat="27.6174390" lon="85.3798940">
    <ele>1480.0</ele>
   </trkpt>
   <trkpt lat="27.6174360" lon="85.3799070">
    <ele>1480.0</ele>
   </trkpt>
   <trkpt lat="27.6174320" lon="85.3799210">
    <ele>1480.0</ele>
   </trkpt>
   <trkpt lat="27.6174290" lon="85.3799350">
    <ele>1480.0</ele>
   </trkpt>
   <trkpt lat="27.6174230" lon="85.3799750">
    <ele>1480.0</ele>
   </trkpt>
   <trkpt lat="27.6174220" lon="85.3799870">
    <ele>1481.0</ele>
   </trkpt>
   <trkpt lat="27.6174220" lon="85.3799990">
    <ele>1481.0</ele>
   </trkpt>
   <trkpt lat="27.6174220" lon="85.3800110">
    <ele>1481.0</ele>
   </trkpt>
   <trkpt lat="27.6174230" lon="85.3800450">
    <ele>1481.0</ele>
   </trkpt>
   <trkpt lat="27.6174230" lon="85.3800560">
    <ele>1481.0</ele>
   </trkpt>
   <trkpt lat="27.6174240" lon="85.3800670">
    <ele>1481.0</ele>
   </trkpt>
   <trkpt lat="27.6174240" lon="85.3800790">
    <ele>1481.0</ele>
   </trkpt>
   <trkpt lat="27.6174220" lon="85.3801130">
    <ele>1481.0</ele>
   </trkpt>
   <trkpt lat="27.6174190" lon="85.3801260">
    <ele>1482.0</ele>
   </trkpt>
   <trkpt lat="27.6174170" lon="85.3801380">
    <ele>1482.0</ele>
   </trkpt>
   <trkpt lat="27.6174150" lon="85.3801500">
    <ele>1482.0</ele>
   </trkpt>
   <trkpt lat="27.6174050" lon="85.3801890">
    <ele>1482.0</ele>
   </trkpt>
   <trkpt lat="27.6174010" lon="85.3802010">
    <ele>1482.0</ele>
   </trkpt>
   <trkpt lat="27.6173970" lon="85.3802130">
    <ele>1482.0</ele>
   </trkpt>
   <trkpt lat="27.6173930" lon="85.3802250">
    <ele>1482.0</ele>
   </trkpt>
   <trkpt lat="27.6173780" lon="85.3802560">
    <ele>1482.0</ele>
   </trkpt>
   <trkpt lat="27.6173740" lon="85.3802650">
    <ele>1482.0</ele>
   </trkpt>
   <trkpt lat="27.6173690" lon="85.3802740">
    <ele>1482.0</ele>
   </trkpt>
   <trkpt lat="27.6173640" lon="85.3802830">
    <ele>1482.0</ele>
   </trkpt>
   <trkpt lat="27.6173460" lon="85.3803100">
    <ele>1482.0</ele>
   </trkpt>
   <trkpt lat="27.6173390" lon="85.3803170">
    <ele>1482.0</ele>
   </trkpt>
   <trkpt lat="27.6173310" lon="85.3803240">
    <ele>1482.0</ele>
   </trkpt>
   <trkpt lat="27.6173240" lon="85.3803310">
    <ele>1482.0</ele>
   </trkpt>
   <trkpt lat="27.6173000" lon="85.3803510">
    <ele>1482.0</ele>
   </trkpt>
   <trkpt lat="27.6172940" lon="85.3803620">
    <ele>1483.0</ele>
   </trkpt>
   <trkpt lat="27.6172870" lon="85.3803720">
    <ele>1483.0</ele>
   </trkpt>
   <trkpt lat="27.6172800" lon="85.3803830">
    <ele>1483.0</ele>
   </trkpt>
   <trkpt lat="27.6172610" lon="85.3804220">
    <ele>1483.0</ele>
   </trkpt>
   <trkpt lat="27.6172530" lon="85.3804350">
    <ele>1483.0</ele>
   </trkpt>
   <trkpt lat="27.6172450" lon="85.3804490">
    <ele>1483.0</ele>
   </trkpt>
   <trkpt lat="27.6172370" lon="85.3804620">
    <ele>1483.0</ele>
   </trkpt>
   <trkpt lat="27.6172070" lon="85.3804990">
    <ele>1483.0</ele>
   </trkpt>
   <trkpt lat="27.6171950" lon="85.3805100">
    <ele>1483.0</ele>
   </trkpt>
   <trkpt lat="27.6171830" lon="85.3805210">
    <ele>1483.0</ele>
   </trkpt>
   <trkpt lat="27.6171720" lon="85.3805320">
    <ele>1483.0</ele>
   </trkpt>
   <trkpt lat="27.6171360" lon="85.3805700">
    <ele>1483.0</ele>
   </trkpt>
   <trkpt lat="27.6171240" lon="85.3805840">
    <ele>1483.0</ele>
   </trkpt>
   <trkpt lat="27.6171120" lon="85.3805980">
    <ele>1483.0</ele>
   </trkpt>
   <trkpt lat="27.6171000" lon="85.3806120">
    <ele>1483.0</ele>
   </trkpt>
   <trkpt lat="27.6170660" lon="85.3806530">
    <ele>1483.0</ele>
   </trkpt>
   <trkpt lat="27.6170560" lon="85.3806660">
    <ele>1483.0</ele>
   </trkpt>
   <trkpt lat="27.6170450" lon="85.3806790">
    <ele>1483.0</ele>
   </trkpt>
   <trkpt lat="27.6170350" lon="85.3806910">
    <ele>1483.0</ele>
   </trkpt>
   <trkpt lat="27.6170040" lon="85.3807290">
    <ele>1483.0</ele>
   </trkpt>
   <trkpt lat="27.6169940" lon="85.3807410">
    <ele>1484.0</ele>
   </trkpt>
   <trkpt lat="27.6169840" lon="85.3807540">
    <ele>1484.0</ele>
   </trkpt>
   <trkpt lat="27.6169740" lon="85.3807670">
    <ele>1484.0</ele>
   </trkpt>
   <trkpt lat="27.6169460" lon="85.3808040">
    <ele>1484.0</ele>
   </trkpt>
   <trkpt lat="27.6169380" lon="85.3808160">
    <ele>1484.0</ele>
   </trkpt>
   <trkpt lat="27.6169300" lon="85.3808290">
    <ele>1484.0</ele>
   </trkpt>
   <trkpt lat="27.6169220" lon="85.3808410">
    <ele>1484.0</ele>
   </trkpt>
   <trkpt lat="27.6169020" lon="85.3808780">
    <ele>1484.0</ele>
   </trkpt>
   <trkpt lat="27.6168940" lon="85.3808910">
    <ele>1485.0</ele>
   </trkpt>
   <trkpt lat="27.6168860" lon="85.3809040">
    <ele>1485.0</ele>
   </trkpt>
   <trkpt lat="27.6168770" lon="85.3809160">
    <ele>1485.0</ele>
   </trkpt>
   <trkpt lat="27.6168450" lon="85.3809550">
    <ele>1485.0</ele>
   </trkpt>
   <trkpt lat="27.6168320" lon="85.3809670">
    <ele>1486.0</ele>
   </trkpt>
   <trkpt lat="27.6168180" lon="85.3809780">
    <ele>1486.0</ele>
   </trkpt>
   <trkpt lat="27.6168050" lon="85.3809900">
    <ele>1486.0</ele>
   </trkpt>
   <trkpt lat="27.6167600" lon="85.3810170">
    <ele>1486.0</ele>
   </trkpt>
   <trkpt lat="27.6167450" lon="85.3810240">
    <ele>1486.0</ele>
   </trkpt>
   <trkpt lat="27.6167290" lon="85.3810310">
    <ele>1486.0</ele>
   </trkpt>
   <trkpt lat="27.6167130" lon="85.3810390">
    <ele>1486.0</ele>
   </trkpt>
   <trkpt lat="27.6166690" lon="85.3810600">
    <ele>1486.0</ele>
   </trkpt>
   <trkpt lat="27.6166550" lon="85.3810660">
    <ele>1487.0</ele>
   </trkpt>
   <trkpt lat="27.6166420" lon="85.3810730">
    <ele>1487.0</ele>
   </trkpt>
   <trkpt lat="27.6166290" lon="85.3810800">
    <ele>1487.0</ele>
   </trkpt>
   <trkpt lat="27.6165920" lon="85.3811050">
    <ele>1487.0</ele>
   </trkpt>
   <trkpt lat="27.6165800" lon="85.3811150">
    <ele>1487.0</ele>
   </trkpt>
   <trkpt lat="27.6165690" lon="85.3811240">
    <ele>1487.0</ele>
   </trkpt>
   <trkpt lat="27.6165570" lon="85.3811340">
    <ele>1487.0</ele>
   </trkpt>
   <trkpt lat="27.6165240" lon="85.3811630">
    <ele>1487.0</ele>
   </trkpt>
   <trkpt lat="27.6165130" lon="85.3811730">
    <ele>1487.0</ele>
   </trkpt>
   <trkpt lat="27.6165020" lon="85.3811820">
    <ele>1487.0</ele>
   </trkpt>
   <trkpt lat="27.6164920" lon="85.3811920">
    <ele>1487.0</ele>
   </trkpt>
   <trkpt lat="27.6164590" lon="85.3812240">
    <ele>1487.0</ele>
   </trkpt>
   <trkpt lat="27.6164490" lon="85.3812350">
    <ele>1487.0</ele>
   </trkpt>
   <trkpt lat="27.6164390" lon="85.3812470">
    <ele>1487.0</ele>
   </trkpt>
   <trkpt lat="27.6164290" lon="85.3812580">
    <ele>1487.0</ele>
   </trkpt>
   <trkpt lat="27.6164010" lon="85.3812940">
    <ele>1487.0</ele>
   </trkpt>
   <trkpt lat="27.6163920" lon="85.3813060">
    <ele>1487.0</ele>
   </trkpt>
   <trkpt lat="27.6163820" lon="85.3813190">
    <ele>1487.0</ele>
   </trkpt>
   <trkpt lat="27.6163730" lon="85.3813320">
    <ele>1487.0</ele>
   </trkpt>
   <trkpt lat="27.6163430" lon="85.3813730">
    <ele>1487.0</ele>
   </trkpt>
   <trkpt lat="27.6163330" lon="85.3813880">
    <ele>1487.0</ele>
   </trkpt>
   <trkpt lat="27.6163240" lon="85.3814020">
    <ele>1487.0</ele>
   </trkpt>
   <trkpt lat="27.6163140" lon="85.3814160">
    <ele>1487.0</ele>
   </trkpt>
   <trkpt lat="27.6162880" lon="85.3814580">
    <ele>1487.0</ele>
   </trkpt>
   <trkpt lat="27.6162810" lon="85.3814720">
    <ele>1488.0</ele>
   </trkpt>
   <trkpt lat="27.6162730" lon="85.3814860">
    <ele>1488.0</ele>
   </trkpt>
   <trkpt lat="27.6162650" lon="85.3814990">
    <ele>1488.0</ele>
   </trkpt>
   <trkpt lat="27.6162440" lon="85.3815410">
    <ele>1488.0</ele>
   </trkpt>
   <trkpt lat="27.6162360" lon="85.3815560">
    <ele>1488.0</ele>
   </trkpt>
   <trkpt lat="27.6162290" lon="85.3815710">
    <ele>1488.0</ele>
   </trkpt>
   <trkpt lat="27.6162220" lon="85.3815860">
    <ele>1488.0</ele>
   </trkpt>
   <trkpt lat="27.6162010" lon="85.3816320">
    <ele>1488.0</ele>
   </trkpt>
   <trkpt lat="27.6161940" lon="85.3816470">
    <ele>1488.0</ele>
   </trkpt>
   <trkpt lat="27.6161880" lon="85.3816620">
    <ele>1487.0</ele>
   </trkpt>
   <trkpt lat="27.6161820" lon="85.3816770">
    <ele>1487.0</ele>
   </trkpt>
   <trkpt lat="27.6161690" lon="85.3817240">
    <ele>1487.0</ele>
   </trkpt>
   <trkpt lat="27.6161650" lon="85.3817410">
    <ele>1487.0</ele>
   </trkpt>
   <trkpt lat="27.6161610" lon="85.3817570">
    <ele>1487.0</ele>
   </trkpt>
   <trkpt lat="27.6161570" lon="85.3817740">
    <ele>1487.0</ele>
   </trkpt>
   <trkpt lat="27.6161450" lon="85.3818240">
    <ele>1487.0</ele>
   </trkpt>
   <trkpt lat="27.6161400" lon="85.3818420">
    <ele>1487.0</ele>
   </trkpt>
   <trkpt lat="27.6161340" lon="85.3818590">
    <ele>1487.0</ele>
   </trkpt>
   <trkpt lat="27.6161290" lon="85.3818770">
    <ele>1487.0</ele>
   </trkpt>
   <trkpt lat="27.6161140" lon="85.3819320">
    <ele>1487.0</ele>
   </trkpt>
   <trkpt lat="27.6161130" lon="85.3819490">
    <ele>1487.0</ele>
   </trkpt>
   <trkpt lat="27.6161110" lon="85.3819670">
    <ele>1487.0</ele>
   </trkpt>
   <trkpt lat="27.6161090" lon="85.3819840">
    <ele>1487.0</ele>
   </trkpt>
   <trkpt lat="27.6161120" lon="85.3820350">
    <ele>1487.0</ele>
   </trkpt>
   <trkpt lat="27.6161160" lon="85.3820510">
    <ele>1487.0</ele>
   </trkpt>
   <trkpt lat="27.6161200" lon="85.3820670">
    <ele>1487.0</ele>
   </trkpt>
   <trkpt lat="27.6161240" lon="85.3820830">
    <ele>1487.0</ele>
   </trkpt>
   <trkpt lat="27.6161470" lon="85.3821270">
    <ele>1487.0</ele>
   </trkpt>
   <trkpt lat="27.6161570" lon="85.3821410">
    <ele>1487.0</ele>
   </trkpt>
   <trkpt lat="27.6161660" lon="85.3821550">
    <ele>1487.0</ele>
   </trkpt>
   <trkpt lat="27.6161760" lon="85.3821680">
    <ele>1487.0</ele>
   </trkpt>
   <trkpt lat="27.6162080" lon="85.3822070">
    <ele>1487.0</ele>
   </trkpt>
   <trkpt lat="27.6162190" lon="85.3822200">
    <ele>1487.0</ele>
   </trkpt>
   <trkpt lat="27.6162290" lon="85.3822330">
    <ele>1487.0</ele>
   </trkpt>
   <trkpt lat="27.6162400" lon="85.3822460">
    <ele>1487.0</ele>
   </trkpt>
   <trkpt lat="27.6162680" lon="85.3822850">
    <ele>1487.0</ele>
   </trkpt>
   <trkpt lat="27.6162770" lon="85.3822990">
    <ele>1487.0</ele>
   </trkpt>
   <trkpt lat="27.6162860" lon="85.3823130">
    <ele>1487.0</ele>
   </trkpt>
   <trkpt lat="27.6162950" lon="85.3823270">
    <ele>1487.0</ele>
   </trkpt>
   <trkpt lat="27.6163240" lon="85.3823680">
    <ele>1487.0</ele>
   </trkpt>
   <trkpt lat="27.6163340" lon="85.3823810">
    <ele>1488.0</ele>
   </trkpt>
   <trkpt lat="27.6163440" lon="85.3823940">
    <ele>1488.0</ele>
   </trkpt>
   <trkpt lat="27.6163540" lon="85.3824070">
    <ele>1488.0</ele>
   </trkpt>
   <trkpt lat="27.6163850" lon="85.3824430">
    <ele>1488.0</ele>
   </trkpt>
   <trkpt lat="27.6163940" lon="85.3824570">
    <ele>1488.0</ele>
   </trkpt>
   <trkpt lat="27.6164030" lon="85.3824710">
    <ele>1488.0</ele>
   </trkpt>
   <trkpt lat="27.6164110" lon="85.3824850">
    <ele>1488.0</ele>
   </trkpt>
   <trkpt lat="27.6164270" lon="85.3825340">
    <ele>1488.0</ele>
   </trkpt>
   <trkpt lat="27.6164290" lon="85.3825510">
    <ele>1489.0</ele>
   </trkpt>
   <trkpt lat="27.6164310" lon="85.3825680">
    <ele>1489.0</ele>
   </trkpt>
   <trkpt lat="27.6164340" lon="85.3825850">
    <ele>1489.0</ele>
   </trkpt>
   <trkpt lat="27.6164410" lon="85.3826260">
    <ele>1489.0</ele>
   </trkpt>
   <trkpt lat="27.6164440" lon="85.3826350">
    <ele>1490.0</ele>
   </trkpt>
   <trkpt lat="27.6164460" lon="85.3826450">
    <ele>1490.0</ele>
   </trkpt>
   <trkpt lat="27.6164490" lon="85.3826550">
    <ele>1490.0</ele>
   </trkpt>
   <trkpt lat="27.6164570" lon="85.3826770">
    <ele>1490.0</ele>
   </trkpt>
   <trkpt lat="27.6164590" lon="85.3826850">
    <ele>1491.0</ele>
   </trkpt>
   <trkpt lat="27.6164610" lon="85.3826920">
    <ele>1491.0</ele>
   </trkpt>
   <trkpt lat="27.6164640" lon="85.3826990">
    <ele>1491.0</ele>
   </trkpt>
   <trkpt lat="27.6164650" lon="85.3827240">
    <ele>1491.0</ele>
   </trkpt>
   <trkpt lat="27.6164650" lon="85.3827330">
    <ele>1491.0</ele>
   </trkpt>
   <trkpt lat="27.6164640" lon="85.3827420">
    <ele>1491.0</ele>
   </trkpt>
   <trkpt lat="27.6164630" lon="85.3827520">
    <ele>1491.0</ele>
   </trkpt>
   <trkpt lat="27.6164530" lon="85.3827840">
    <ele>1491.0</ele>
   </trkpt>
   <trkpt lat="27.6164490" lon="85.3827950">
    <ele>1492.0</ele>
   </trkpt>
   <trkpt lat="27.6164440" lon="85.3828070">
    <ele>1492.0</ele>
   </trkpt>
   <trkpt lat="27.6164400" lon="85.3828180">
    <ele>1492.0</ele>
   </trkpt>
   <trkpt lat="27.6164260" lon="85.3828530">
    <ele>1492.0</ele>
   </trkpt>
   <trkpt lat="27.6164220" lon="85.3828640">
    <ele>1493.0</ele>
   </trkpt>
   <trkpt lat="27.6164170" lon="85.3828740">
    <ele>1493.0</ele>
   </trkpt>
   <trkpt lat="27.6164130" lon="85.3828850">
    <ele>1493.0</ele>
   </trkpt>
   <trkpt lat="27.6164020" lon="85.3829100">
    <ele>1493.0</ele>
   </trkpt>
   <trkpt lat="27.6164000" lon="85.3829180">
    <ele>1493.0</ele>
   </trkpt>
   <trkpt lat="27.6163980" lon="85.3829260">
    <ele>1493.0</ele>
   </trkpt>
   <trkpt lat="27.6163960" lon="85.3829340">
    <ele>1493.0</ele>
   </trkpt>
   <trkpt lat="27.6163920" lon="85.3829590">
    <ele>1493.0</ele>
   </trkpt>
   <trkpt lat="27.6163900" lon="85.3829670">
    <ele>1494.0</ele>
   </trkpt>
   <trkpt lat="27.6163880" lon="85.3829760">
    <ele>1494.0</ele>
   </trkpt>
   <trkpt lat="27.6163870" lon="85.3829850">
    <ele>1494.0</ele>
   </trkpt>
   <trkpt lat="27.6163790" lon="85.3830140">
    <ele>1494.0</ele>
   </trkpt>
   <trkpt lat="27.6163770" lon="85.3830230">
    <ele>1494.0</ele>
   </trkpt>
   <trkpt lat="27.6163750" lon="85.3830330">
    <ele>1494.0</ele>
   </trkpt>
   <trkpt lat="27.6163720" lon="85.3830420">
    <ele>1494.0</ele>
   </trkpt>
   <trkpt lat="27.6163660" lon="85.3830700">
    <ele>1494.0</ele>
   </trkpt>
   <trkpt lat="27.6163650" lon="85.3830800">
    <ele>1495.0</ele>
   </trkpt>
   <trkpt lat="27.6163640" lon="85.3830890">
    <ele>1495.0</ele>
   </trkpt>
   <trkpt lat="27.6163620" lon="85.3830980">
    <ele>1495.0</ele>
   </trkpt>
   <trkpt lat="27.6163600" lon="85.3831270">
    <ele>1495.0</ele>
   </trkpt>
   <trkpt lat="27.6163590" lon="85.3831360">
    <ele>1495.0</ele>
   </trkpt>
   <trkpt lat="27.6163580" lon="85.3831460">
    <ele>1495.0</ele>
   </trkpt>
   <trkpt lat="27.6163570" lon="85.3831560">
    <ele>1495.0</ele>
   </trkpt>
   <trkpt lat="27.6163580" lon="85.3831850">
    <ele>1495.0</ele>
   </trkpt>
   <trkpt lat="27.6163580" lon="85.3831940">
    <ele>1495.0</ele>
   </trkpt>
   <trkpt lat="27.6163570" lon="85.3832040">
    <ele>1495.0</ele>
   </trkpt>
   <trkpt lat="27.6163570" lon="85.3832140">
    <ele>1495.0</ele>
   </trkpt>
   <trkpt lat="27.6163590" lon="85.3832560">
    <ele>1495.0</ele>
   </trkpt>
   <trkpt lat="27.6163600" lon="85.3832730">
    <ele>1496.0</ele>
   </trkpt>
   <trkpt lat="27.6163620" lon="85.3832900">
    <ele>1496.0</ele>
   </trkpt>
   <trkpt lat="27.6163630" lon="85.3833070">
    <ele>1496.0</ele>
   </trkpt>
   <trkpt lat="27.6163700" lon="85.3833630">
    <ele>1496.0</ele>
   </trkpt>
   <trkpt lat="27.6163710" lon="85.3833820">
    <ele>1496.0</ele>
   </trkpt>
   <trkpt lat="27.6163720" lon="85.3834020">
    <ele>1496.0</ele>
   </trkpt>
   <trkpt lat="27.6163740" lon="85.3834210">
    <ele>1496.0</ele>
   </trkpt>
   <trkpt lat="27.6163720" lon="85.3834790">
    <ele>1496.0</ele>
   </trkpt>
   <trkpt lat="27.6163720" lon="85.3834990">
    <ele>1497.0</ele>
   </trkpt>
   <trkpt lat="27.6163730" lon="85.3835180">
    <ele>1497.0</ele>
   </trkpt>
   <trkpt lat="27.6163730" lon="85.3835370">
    <ele>1497.0</ele>
   </trkpt>
   <trkpt lat="27.6163750" lon="85.3835940">
    <ele>1497.0</ele>
   </trkpt>
   <trkpt lat="27.6163760" lon="85.3836130">
    <ele>1497.0</ele>
   </trkpt>
   <trkpt lat="27.6163780" lon="85.3836330">
    <ele>1497.0</ele>
   </trkpt>
   <trkpt lat="27.6163790" lon="85.3836520">
    <ele>1497.0</ele>
   </trkpt>
   <trkpt lat="27.6163840" lon="85.3837110">
    <ele>1497.0</ele>
   </trkpt>
   <trkpt lat="27.6163830" lon="85.3837300">
    <ele>1498.0</ele>
   </trkpt>
   <trkpt lat="27.6163830" lon="85.3837490">
    <ele>1498.0</ele>
   </trkpt>
   <trkpt lat="27.6163820" lon="85.3837690">
    <ele>1498.0</ele>
   </trkpt>
   <trkpt lat="27.6163780" lon="85.3838160">
    <ele>1498.0</ele>
   </trkpt>
   <trkpt lat="27.6163740" lon="85.3838270">
    <ele>1499.0</ele>
   </trkpt>
   <trkpt lat="27.6163710" lon="85.3838390">
    <ele>1499.0</ele>
   </trkpt>
   <trkpt lat="27.6163670" lon="85.3838500">
    <ele>1499.0</ele>
   </trkpt>
   <trkpt lat="27.6163580" lon="85.3838760">
    <ele>1499.0</ele>
   </trkpt>
   <trkpt lat="27.6163560" lon="85.3838850">
    <ele>1499.0</ele>
   </trkpt>
   <trkpt lat="27.6163540" lon="85.3838950">
    <ele>1499.0</ele>
   </trkpt>
   <trkpt lat="27.6163520" lon="85.3839040">
    <ele>1499.0</ele>
   </trkpt>
   <trkpt lat="27.6163490" lon="85.3839390">
    <ele>1499.0</ele>
   </trkpt>
   <trkpt lat="27.6163480" lon="85.3839520">
    <ele>1500.0</ele>
   </trkpt>
   <trkpt lat="27.6163480" lon="85.3839640">
    <ele>1500.0</ele>
   </trkpt>
   <trkpt lat="27.6163480" lon="85.3839770">
    <ele>1500.0</ele>
   </trkpt>
   <trkpt lat="27.6163490" lon="85.3840130">
    <ele>1500.0</ele>
   </trkpt>
   <trkpt lat="27.6163500" lon="85.3840240">
    <ele>1500.0</ele>
   </trkpt>
   <trkpt lat="27.6163520" lon="85.3840350">
    <ele>1500.0</ele>
   </trkpt>
   <trkpt lat="27.6163540" lon="85.3840450">
    <ele>1500.0</ele>
   </trkpt>
   <trkpt lat="27.6163590" lon="85.3840740">
    <ele>1500.0</ele>
   </trkpt>
   <trkpt lat="27.6163600" lon="85.3840830">
    <ele>1501.0</ele>
   </trkpt>
   <trkpt lat="27.6163620" lon="85.3840930">
    <ele>1501.0</ele>
   </trkpt>
   <trkpt lat="27.6163630" lon="85.3841020">
    <ele>1501.0</ele>
   </trkpt>
   <trkpt lat="27.6163680" lon="85.3841270">
    <ele>1501.0</ele>
   </trkpt>
   <trkpt lat="27.6163690" lon="85.3841360">
    <ele>1501.0</ele>
   </trkpt>
   <trkpt lat="27.6163710" lon="85.3841460">
    <ele>1501.0</ele>
   </trkpt>
   <trkpt lat="27.6163720" lon="85.3841550">
    <ele>1501.0</ele>
   </trkpt>
   <trkpt lat="27.6163750" lon="85.3841870">
    <ele>1501.0</ele>
   </trkpt>
   <trkpt lat="27.6163760" lon="85.3841980">
    <ele>1502.0</ele>
   </trkpt>
   <trkpt lat="27.6163770" lon="85.3842090">
    <ele>1502.0</ele>
   </trkpt>
   <trkpt lat="27.6163790" lon="85.3842200">
    <ele>1502.0</ele>
   </trkpt>
   <trkpt lat="27.6163830" lon="85.3842500">
    <ele>1502.0</ele>
   </trkpt>
   <trkpt lat="27.6163850" lon="85.3842590">
    <ele>1502.0</ele>
   </trkpt>
   <trkpt lat="27.6163860" lon="85.3842680">
    <ele>1502.0</ele>
   </trkpt>
   <trkpt lat="27.6163880" lon="85.3842770">
    <ele>1502.0</ele>
   </trkpt>
   <trkpt lat="27.6163930" lon="85.3843010">
    <ele>1502.0</ele>
   </trkpt>
   <trkpt lat="27.6163950" lon="85.3843100">
    <ele>1503.0</ele>
   </trkpt>
   <trkpt lat="27.6163970" lon="85.3843200">
    <ele>1503.0</ele>
   </trkpt>
   <trkpt lat="27.6163980" lon="85.3843290">
    <ele>1503.0</ele>
   </trkpt>
   <trkpt lat="27.6164010" lon="85.3843600">
    <ele>1503.0</ele>
   </trkpt>
   <trkpt lat="27.6164020" lon="85.3843710">
    <ele>1503.0</ele>
   </trkpt>
   <trkpt lat="27.6164020" lon="85.3843820">
    <ele>1503.0</ele>
   </trkpt>
   <trkpt lat="27.6164030" lon="85.3843930">
    <ele>1503.0</ele>
   </trkpt>
   <trkpt lat="27.6164060" lon="85.3844290">
    <ele>1503.0</ele>
   </trkpt>
   <trkpt lat="27.6164070" lon="85.3844420">
    <ele>1503.0</ele>
   </trkpt>
   <trkpt lat="27.6164070" lon="85.3844550">
    <ele>1503.0</ele>
   </trkpt>
   <trkpt lat="27.6164080" lon="85.3844670">
    <ele>1503.0</ele>
   </trkpt>
   <trkpt lat="27.6164080" lon="85.3844990">
    <ele>1503.0</ele>
   </trkpt>
   <trkpt lat="27.6164080" lon="85.3845070">
    <ele>1504.0</ele>
   </trkpt>
   <trkpt lat="27.6164070" lon="85.3845160">
    <ele>1504.0</ele>
   </trkpt>
   <trkpt lat="27.6164060" lon="85.3845240">
    <ele>1504.0</ele>
   </trkpt>
   <trkpt lat="27.6164040" lon="85.3845470">
    <ele>1504.0</ele>
   </trkpt>
   <trkpt lat="27.6164030" lon="85.3845550">
    <ele>1504.0</ele>
   </trkpt>
   <trkpt lat="27.6164020" lon="85.3845630">
    <ele>1504.0</ele>
   </trkpt>
   <trkpt lat="27.6164010" lon="85.3845710">
    <ele>1504.0</ele>
   </trkpt>
   <trkpt lat="27.6163950" lon="85.3846000">
    <ele>1504.0</ele>
   </trkpt>
   <trkpt lat="27.6163920" lon="85.3846100">
    <ele>1505.0</ele>
   </trkpt>
   <trkpt lat="27.6163890" lon="85.3846200">
    <ele>1505.0</ele>
   </trkpt>
   <trkpt lat="27.6163860" lon="85.3846300">
    <ele>1505.0</ele>
   </trkpt>
   <trkpt lat="27.6163750" lon="85.3846610">
    <ele>1505.0</ele>
   </trkpt>
   <trkpt lat="27.6163710" lon="85.3846710">
    <ele>1505.0</ele>
   </trkpt>
   <trkpt lat="27.6163670" lon="85.3846810">
    <ele>1505.0</ele>
   </trkpt>
   <trkpt lat="27.6163630" lon="85.3846910">
    <ele>1505.0</ele>
   </trkpt>
   <trkpt lat="27.6163520" lon="85.3847220">
    <ele>1505.0</ele>
   </trkpt>
   <trkpt lat="27.6163500" lon="85.3847340">
    <ele>1505.0</ele>
   </trkpt>
   <trkpt lat="27.6163470" lon="85.3847460">
    <ele>1505.0</ele>
   </trkpt>
   <trkpt lat="27.6163450" lon="85.3847580">
    <ele>1505.0</ele>
   </trkpt>
   <trkpt lat="27.6163360" lon="85.3847930">
    <ele>1505.0</ele>
   </trkpt>
   <trkpt lat="27.6163330" lon="85.3848050">
    <ele>1505.0</ele>
   </trkpt>
   <trkpt lat="27.6163300" lon="85.3848170">
    <ele>1505.0</ele>
   </trkpt>
   <trkpt lat="27.6163280" lon="85.3848290">
    <ele>1505.0</ele>
   </trkpt>
   <trkpt lat="27.6163210" lon="85.3848670">
    <ele>1505.0</ele>
   </trkpt>
   <trkpt lat="27.6163180" lon="85.3848820">
    <ele>1506.0</ele>
   </trkpt>
   <trkpt lat="27.6163160" lon="85.3848970">
    <ele>1506.0</ele>
   </trkpt>
   <trkpt lat="27.6163140" lon="85.3849110">
    <ele>1506.0</ele>
   </trkpt>
   <trkpt lat="27.6163070" lon="85.3849560">
    <ele>1506.0</ele>
   </trkpt>
   <trkpt lat="27.6163070" lon="85.3849720">
    <ele>1506.0</ele>
   </trkpt>
   <trkpt lat="27.6163070" lon="85.3849880">
    <ele>1506.0</ele>
   </trkpt>
   <trkpt lat="27.6163070" lon="85.3850040">
    <ele>1506.0</ele>
   </trkpt>
   <trkpt lat="27.6163110" lon="85.3850550">
    <ele>1506.0</ele>
   </trkpt>
   <trkpt lat="27.6163120" lon="85.3850720">
    <ele>1506.0</ele>
   </trkpt>
   <trkpt lat="27.6163130" lon="85.3850890">
    <ele>1506.0</ele>
   </trkpt>
   <trkpt lat="27.6163140" lon="85.3851060">
    <ele>1506.0</ele>
   </trkpt>
   <trkpt lat="27.6163150" lon="85.3851610">
    <ele>1506.0</ele>
   </trkpt>
   <trkpt lat="27.6163160" lon="85.3851910">
    <ele>1506.0</ele>
   </trkpt>
   <trkpt lat="27.6163170" lon="85.3852210">
    <ele>1506.0</ele>
   </trkpt>
   <trkpt lat="27.6163180" lon="85.3852500">
    <ele>1506.0</ele>
   </trkpt>
   <trkpt lat="27.6163190" lon="85.3852800">
    <ele>1506.0</ele>
   </trkpt>
   <trkpt lat="27.6163190" lon="85.3853000">
    <ele>1506.0</ele>
   </trkpt>
   <trkpt lat="27.6163190" lon="85.3853200">
    <ele>1506.0</ele>
   </trkpt>
   <trkpt lat="27.6163200" lon="85.3853400">
    <ele>1506.0</ele>
   </trkpt>
   <trkpt lat="27.6163210" lon="85.3853990">
    <ele>1506.0</ele>
   </trkpt>
   <trkpt lat="27.6163200" lon="85.3854150">
    <ele>1506.0</ele>
   </trkpt>
   <trkpt lat="27.6163180" lon="85.3854320">
    <ele>1506.0</ele>
   </trkpt>
   <trkpt lat="27.6163170" lon="85.3854480">
    <ele>1506.0</ele>
   </trkpt>
   <trkpt lat="27.6163110" lon="85.3854870">
    <ele>1506.0</ele>
   </trkpt>
   <trkpt lat="27.6163090" lon="85.3854980">
    <ele>1507.0</ele>
   </trkpt>
   <trkpt lat="27.6163070" lon="85.3855090">
    <ele>1507.0</ele>
   </trkpt>
   <trkpt lat="27.6163050" lon="85.3855200">
    <ele>1507.0</ele>
   </trkpt>
   <trkpt lat="27.6162970" lon="85.3855510">
    <ele>1507.0</ele>
   </trkpt>
   <trkpt lat="27.6162920" lon="85.3855610">
    <ele>1507.0</ele>
   </trkpt>
   <trkpt lat="27.6162870" lon="85.3855710">
    <ele>1507.0</ele>
   </trkpt>
   <trkpt lat="27.6162830" lon="85.3855810">
    <ele>1507.0</ele>
   </trkpt>
   <trkpt lat="27.6162670" lon="85.3856120">
    <ele>1507.0</ele>
   </trkpt>
   <trkpt lat="27.6162650" lon="85.3856220">
    <ele>1508.0</ele>
   </trkpt>
   <trkpt lat="27.6162630" lon="85.3856320">
    <ele>1508.0</ele>
   </trkpt>
   <trkpt lat="27.6162600" lon="85.3856420">
    <ele>1508.0</ele>
   </trkpt>
   <trkpt lat="27.6162700" lon="85.3856610">
    <ele>1508.0</ele>
   </trkpt>
   <trkpt lat="27.6162770" lon="85.3856610">
    <ele>1509.0</ele>
   </trkpt>
   <trkpt lat="27.6162840" lon="85.3856610">
    <ele>1509.0</ele>
   </trkpt>
   <trkpt lat="27.6162910" lon="85.3856610">
    <ele>1509.0</ele>
   </trkpt>
   <trkpt lat="27.6163100" lon="85.3856440">
    <ele>1509.0</ele>
   </trkpt>
   <trkpt lat="27.6163150" lon="85.3856360">
    <ele>1509.0</ele>
   </trkpt>
   <trkpt lat="27.6163210" lon="85.3856290">
    <ele>1509.0</ele>
   </trkpt>
   <trkpt lat="27.6163260" lon="85.3856210">
    <ele>1509.0</ele>
   </trkpt>
   <trkpt lat="27.6163450" lon="85.3855980">
    <ele>1509.0</ele>
   </trkpt>
   <trkpt lat="27.6163520" lon="85.3855920">
    <ele>1510.0</ele>
   </trkpt>
   <trkpt lat="27.6163590" lon="85.3855850">
    <ele>1510.0</ele>
   </trkpt>
   <trkpt lat="27.6163670" lon="85.3855790">
    <ele>1510.0</ele>
   </trkpt>
   <trkpt lat="27.6163890" lon="85.3855590">
    <ele>1510.0</ele>
   </trkpt>
   <trkpt lat="27.6163950" lon="85.3855540">
    <ele>1511.0</ele>
   </trkpt>
   <trkpt lat="27.6164020" lon="85.3855490">
    <ele>1511.0</ele>
   </trkpt>
   <trkpt lat="27.6164080" lon="85.3855440">
    <ele>1511.0</ele>
   </trkpt>
   <trkpt lat="27.6164280" lon="85.3855320">
    <ele>1511.0</ele>
   </trkpt>
   <trkpt lat="27.6164350" lon="85.3855270">
    <ele>1511.0</ele>
   </trkpt>
   <trkpt lat="27.6164420" lon="85.3855220">
    <ele>1511.0</ele>
   </trkpt>
   <trkpt lat="27.6164480" lon="85.3855170">
    <ele>1511.0</ele>
   </trkpt>
   <trkpt lat="27.6164680" lon="85.3854990">
    <ele>1511.0</ele>
   </trkpt>
   <trkpt lat="27.6164760" lon="85.3854930">
    <ele>1512.0</ele>
   </trkpt>
   <trkpt lat="27.6164830" lon="85.3854870">
    <ele>1512.0</ele>
   </trkpt>
   <trkpt lat="27.6164910" lon="85.3854820">
    <ele>1512.0</ele>
   </trkpt>
   <trkpt lat="27.6165180" lon="85.3854650">
    <ele>1512.0</ele>
   </trkpt>
   <trkpt lat="27.6165280" lon="85.3854620">
    <ele>1513.0</ele>
   </trkpt>
   <trkpt lat="27.6165380" lon="85.3854580">
    <ele>1513.0</ele>
   </trkpt>
   <trkpt lat="27.6165480" lon="85.3854550">
    <ele>1513.0</ele>
   </trkpt>
   <trkpt lat="27.6165810" lon="85.3854520">
    <ele>1513.0</ele>
   </trkpt>
   <trkpt lat="27.6165910" lon="85.3854510">
    <ele>1513.0</ele>
   </trkpt>
   <trkpt lat="27.6166010" lon="85.3854510">
    <ele>1513.0</ele>
   </trkpt>
   <trkpt lat="27.6166110" lon="85.3854510">
    <ele>1513.0</ele>
   </trkpt>
   <trkpt lat="27.6166370" lon="85.3854460">
    <ele>1513.0</ele>
   </trkpt>
   <trkpt lat="27.6166420" lon="85.3854360">
    <ele>1513.0</ele>
   </trkpt>
   <trkpt lat="27.6166540" lon="85.3854120">
    <ele>1513.0</ele>
   </trkpt>
   <trkpt lat="27.6166660" lon="85.3853880">
    <ele>1513.0</ele>
   </trkpt>
   <trkpt lat="27.6166760" lon="85.3853670">
    <ele>1513.0</ele>
   </trkpt>
   <trkpt lat="27.6166810" lon="85.3853450">
    <ele>1513.0</ele>
   </trkpt>
   <trkpt lat="27.6166850" lon="85.3853240">
    <ele>1513.0</ele>
   </trkpt>
   <trkpt lat="27.6166890" lon="85.3853020">
    <ele>1513.0</ele>
   </trkpt>
   <trkpt lat="27.6167000" lon="85.3852380">
    <ele>1513.0</ele>
   </trkpt>
   <trkpt lat="27.6167010" lon="85.3852180">
    <ele>1514.0</ele>
   </trkpt>
   <trkpt lat="27.6167030" lon="85.3851990">
    <ele>1514.0</ele>
   </trkpt>
   <trkpt lat="27.6167040" lon="85.3851790">
    <ele>1515.0</ele>
   </trkpt>
   <trkpt lat="27.6167030" lon="85.3851240">
    <ele>1515.0</ele>
   </trkpt>
   <trkpt lat="27.6167030" lon="85.3851070">
    <ele>1516.0</ele>
   </trkpt>
   <trkpt lat="27.6167020" lon="85.3850890">
    <ele>1516.0</ele>
   </trkpt>
   <trkpt lat="27.6167020" lon="85.3850720">
    <ele>1516.0</ele>
   </trkpt>
   <trkpt lat="27.6167020" lon="85.3850230">
    <ele>1516.0</ele>
   </trkpt>
   <trkpt lat="27.6167020" lon="85.3850060">
    <ele>1517.0</ele>
   </trkpt>
   <trkpt lat="27.6167020" lon="85.3849900">
    <ele>1517.0</ele>
   </trkpt>
   <trkpt lat="27.6167020" lon="85.3849740">
    <ele>1517.0</ele>
   </trkpt>
   <trkpt lat="27.6167020" lon="85.3849230">
    <ele>1517.0</ele>
   </trkpt>
   <trkpt lat="27.6167030" lon="85.3849060">
    <ele>1517.0</ele>
   </trkpt>
   <trkpt lat="27.6167040" lon="85.3848890">
    <ele>1517.0</ele>
   </trkpt>
   <trkpt lat="27.6167050" lon="85.3848710">
    <ele>1517.0</ele>
   </trkpt>
   <trkpt lat="27.6167080" lon="85.3848190">
    <ele>1517.0</ele>
   </trkpt>
   <trkpt lat="27.6167090" lon="85.3848000">
    <ele>1518.0</ele>
   </trkpt>
   <trkpt lat="27.6167090" lon="85.3847810">
    <ele>1518.0</ele>
   </trkpt>
   <trkpt lat="27.6167100" lon="85.3847620">
    <ele>1518.0</ele>
   </trkpt>
   <trkpt lat="27.6167110" lon="85.3847040">
    <ele>1518.0</ele>
   </trkpt>
   <trkpt lat="27.6167130" lon="85.3846860">
    <ele>1518.0</ele>
   </trkpt>
   <trkpt lat="27.6167150" lon="85.3846680">
    <ele>1518.0</ele>
   </trkpt>
   <trkpt lat="27.6167170" lon="85.3846500">
    <ele>1518.0</ele>
   </trkpt>
   <trkpt lat="27.6167310" lon="85.3845980">
    <ele>1518.0</ele>
   </trkpt>
   <trkpt lat="27.6167380" lon="85.3845810">
    <ele>1519.0</ele>
   </trkpt>
   <trkpt lat="27.6167460" lon="85.3845650">
    <ele>1519.0</ele>
   </trkpt>
   <trkpt lat="27.6167530" lon="85.3845480">
    <ele>1519.0</ele>
   </trkpt>
   <trkpt lat="27.6167780" lon="85.3845060">
    <ele>1519.0</ele>
   </trkpt>
   <trkpt lat="27.6167850" lon="85.3844970">
    <ele>1519.0</ele>
   </trkpt>
   <trkpt lat="27.6167930" lon="85.3844880">
    <ele>1519.0</ele>
   </trkpt>
   <trkpt lat="27.6168000" lon="85.3844790">
    <ele>1519.0</ele>
   </trkpt>
   <trkpt lat="27.6168180" lon="85.3844620">
    <ele>1519.0</ele>
   </trkpt>
   <trkpt lat="27.6168250" lon="85.3844570">
    <ele>1520.0</ele>
   </trkpt>
   <trkpt lat="27.6168320" lon="85.3844520">
    <ele>1520.0</ele>
   </trkpt>
   <trkpt lat="27.6168390" lon="85.3844470">
    <ele>1520.0</ele>
   </trkpt>
   <trkpt lat="27.6168580" lon="85.3844280">
    <ele>1520.0</ele>
   </trkpt>
   <trkpt lat="27.6168640" lon="85.3844200">
    <ele>1520.0</ele>
   </trkpt>
   <trkpt lat="27.6168700" lon="85.3844120">
    <ele>1520.0</ele>
   </trkpt>
   <trkpt lat="27.6168760" lon="85.3844040">
    <ele>1520.0</ele>
   </trkpt>
   <trkpt lat="27.6168920" lon="85.3843780">
    <ele>1520.0</ele>
   </trkpt>
   <trkpt lat="27.6168990" lon="85.3843700">
    <ele>1521.0</ele>
   </trkpt>
   <trkpt lat="27.6169050" lon="85.3843620">
    <ele>1521.0</ele>
   </trkpt>
   <trkpt lat="27.6169110" lon="85.3843540">
    <ele>1521.0</ele>
   </trkpt>
   <trkpt lat="27.6169330" lon="85.3843320">
    <ele>1521.0</ele>
   </trkpt>
   <trkpt lat="27.6169410" lon="85.3843260">
    <ele>1522.0</ele>
   </trkpt>
   <trkpt lat="27.6169480" lon="85.3843190">
    <ele>1522.0</ele>
   </trkpt>
   <trkpt lat="27.6169560" lon="85.3843130">
    <ele>1522.0</ele>
   </trkpt>
   <trkpt lat="27.6169790" lon="85.3842960">
    <ele>1522.0</ele>
   </trkpt>
   <trkpt lat="27.6169870" lon="85.3842920">
    <ele>1523.0</ele>
   </trkpt>
   <trkpt lat="27.6169950" lon="85.3842870">
    <ele>1523.0</ele>
   </trkpt>
   <trkpt lat="27.6170040" lon="85.3842820">
    <ele>1523.0</ele>
   </trkpt>
   <trkpt lat="27.6170290" lon="85.3842690">
    <ele>1523.0</ele>
   </trkpt>
   <trkpt lat="27.6170390" lon="85.3842640">
    <ele>1523.0</ele>
   </trkpt>
   <trkpt lat="27.6170490" lon="85.3842600">
    <ele>1523.0</ele>
   </trkpt>
   <trkpt lat="27.6170590" lon="85.3842550">
    <ele>1523.0</ele>
   </trkpt>
   <trkpt lat="27.6170850" lon="85.3842430">
    <ele>1523.0</ele>
   </trkpt>
   <trkpt lat="27.6170930" lon="85.3842390">
    <ele>1524.0</ele>
   </trkpt>
   <trkpt lat="27.6171010" lon="85.3842340">
    <ele>1524.0</ele>
   </trkpt>
   <trkpt lat="27.6171090" lon="85.3842300">
    <ele>1524.0</ele>
   </trkpt>
   <trkpt lat="27.6171340" lon="85.3842160">
    <ele>1524.0</ele>
   </trkpt>
   <trkpt lat="27.6171420" lon="85.3842110">
    <ele>1525.0</ele>
   </trkpt>
   <trkpt lat="27.6171500" lon="85.3842050">
    <ele>1525.0</ele>
   </trkpt>
   <trkpt lat="27.6171590" lon="85.3841990">
    <ele>1525.0</ele>
   </trkpt>
   <trkpt lat="27.6171830" lon="85.3841780">
    <ele>1525.0</ele>
   </trkpt>
   <trkpt lat="27.6171890" lon="85.3841700">
    <ele>1525.0</ele>
   </trkpt>
   <trkpt lat="27.6171940" lon="85.3841620">
    <ele>1525.0</ele>
   </trkpt>
   <trkpt lat="27.6172000" lon="85.3841540">
    <ele>1525.0</ele>
   </trkpt>
   <trkpt lat="27.6172110" lon="85.3841290">
    <ele>1525.0</ele>
   </trkpt>
   <trkpt lat="27.6172130" lon="85.3841210">
    <ele>1525.0</ele>
   </trkpt>
   <trkpt lat="27.6172150" lon="85.3841130">
    <ele>1525.0</ele>
   </trkpt>
   <trkpt lat="27.6172180" lon="85.3841050">
    <ele>1525.0</ele>
   </trkpt>
   <trkpt lat="27.6172260" lon="85.3840820">
    <ele>1525.0</ele>
   </trkpt>
   <trkpt lat="27.6172300" lon="85.3840730">
    <ele>1525.0</ele>
   </trkpt>
   <trkpt lat="27.6172340" lon="85.3840640">
    <ele>1525.0</ele>
   </trkpt>
   <trkpt lat="27.6172380" lon="85.3840560">
    <ele>1525.0</ele>
   </trkpt>
   <trkpt lat="27.6172510" lon="85.3840280">
    <ele>1525.0</ele>
   </trkpt>
   <trkpt lat="27.6172570" lon="85.3840200">
    <ele>1526.0</ele>
   </trkpt>
   <trkpt lat="27.6172640" lon="85.3840130">
    <ele>1526.0</ele>
   </trkpt>
   <trkpt lat="27.6172700" lon="85.3840050">
    <ele>1526.0</ele>
   </trkpt>
   <trkpt lat="27.6172930" lon="85.3839800">
    <ele>1526.0</ele>
   </trkpt>
   <trkpt lat="27.6172980" lon="85.3839690">
    <ele>1526.0</ele>
   </trkpt>
   <trkpt lat="27.6173040" lon="85.3839590">
    <ele>1526.0</ele>
   </trkpt>
   <trkpt lat="27.6173100" lon="85.3839490">
    <ele>1526.0</ele>
   </trkpt>
   <trkpt lat="27.6173320" lon="85.3839060">
    <ele>1526.0</ele>
   </trkpt>
   <trkpt lat="27.6173400" lon="85.3838860">
    <ele>1526.0</ele>
   </trkpt>
   <trkpt lat="27.6173470" lon="85.3838660">
    <ele>1525.0</ele>
   </trkpt>
   <trkpt lat="27.6173550" lon="85.3838460">
    <ele>1525.0</ele>
   </trkpt>
   <trkpt lat="27.6173860" lon="85.3837780">
    <ele>1525.0</ele>
   </trkpt>
   <trkpt lat="27.6173970" lon="85.3837580">
    <ele>1525.0</ele>
   </trkpt>
   <trkpt lat="27.6174090" lon="85.3837370">
    <ele>1525.0</ele>
   </trkpt>
   <trkpt lat="27.6174200" lon="85.3837170">
    <ele>1525.0</ele>
   </trkpt>
   <trkpt lat="27.6174580" lon="85.3836660">
    <ele>1525.0</ele>
   </trkpt>
   <trkpt lat="27.6174700" lon="85.3836490">
    <ele>1525.0</ele>
   </trkpt>
   <trkpt lat="27.6174820" lon="85.3836330">
    <ele>1525.0</ele>
   </trkpt>
   <trkpt lat="27.6174940" lon="85.3836160">
    <ele>1525.0</ele>
   </trkpt>
   <trkpt lat="27.6175280" lon="85.3835650">
    <ele>1525.0</ele>
   </trkpt>
   <trkpt lat="27.6175390" lon="85.3835480">
    <ele>1525.0</ele>
   </trkpt>
   <trkpt lat="27.6175490" lon="85.3835300">
    <ele>1525.0</ele>
   </trkpt>
   <trkpt lat="27.6175600" lon="85.3835130">
    <ele>1525.0</ele>
   </trkpt>
   <trkpt lat="27.6175910" lon="85.3834620">
    <ele>1525.0</ele>
   </trkpt>
   <trkpt lat="27.6176010" lon="85.3834450">
    <ele>1525.0</ele>
   </trkpt>
   <trkpt lat="27.6176110" lon="85.3834280">
    <ele>1525.0</ele>
   </trkpt>
   <trkpt lat="27.6176310" lon="85.3833970">
    <ele>1525.0</ele>
   </trkpt>
   <trkpt lat="27.6176540" lon="85.3833600">
    <ele>1525.0</ele>
   </trkpt>
   <trkpt lat="27.6176660" lon="85.3833440">
    <ele>1525.0</ele>
   </trkpt>
   <trkpt lat="27.6176770" lon="85.3833280">
    <ele>1525.0</ele>
   </trkpt>
   <trkpt lat="27.6176890" lon="85.3833120">
    <ele>1525.0</ele>
   </trkpt>
   <trkpt lat="27.6177190" lon="85.3832640">
    <ele>1525.0</ele>
   </trkpt>
   <trkpt lat="27.6177300" lon="85.3832470">
    <ele>1525.0</ele>
   </trkpt>
   <trkpt lat="27.6177530" lon="85.3832180">
    <ele>1525.0</ele>
   </trkpt>
   <trkpt lat="27.6177760" lon="85.3831900">
    <ele>1525.0</ele>
   </trkpt>
   <trkpt lat="27.6177930" lon="85.3831680">
    <ele>1525.0</ele>
   </trkpt>
   <trkpt lat="27.6178080" lon="85.3831550">
    <ele>1526.0</ele>
   </trkpt>
   <trkpt lat="27.6178240" lon="85.3831430">
    <ele>1526.0</ele>
   </trkpt>
   <trkpt lat="27.6178390" lon="85.3831300">
    <ele>1526.0</ele>
   </trkpt>
   <trkpt lat="27.6178870" lon="85.3831100">
    <ele>1526.0</ele>
   </trkpt>
   <trkpt lat="27.6179020" lon="85.3831070">
    <ele>1527.0</ele>
   </trkpt>
   <trkpt lat="27.6179160" lon="85.3831040">
    <ele>1527.0</ele>
   </trkpt>
   <trkpt lat="27.6179310" lon="85.3831010">
    <ele>1527.0</ele>
   </trkpt>
   <trkpt lat="27.6179650" lon="85.3830940">
    <ele>1527.0</ele>
   </trkpt>
   <trkpt lat="27.6179740" lon="85.3830920">
    <ele>1527.0</ele>
   </trkpt>
   <trkpt lat="27.6179830" lon="85.3830900">
    <ele>1527.0</ele>
   </trkpt>
   <trkpt lat="27.6179920" lon="85.3830870">
    <ele>1527.0</ele>
   </trkpt>
   <trkpt lat="27.6180120" lon="85.3830740">
    <ele>1527.0</ele>
   </trkpt>
   <trkpt lat="27.6180170" lon="85.3830680">
    <ele>1527.0</ele>
   </trkpt>
   <trkpt lat="27.6180210" lon="85.3830620">
    <ele>1527.0</ele>
   </trkpt>
   <trkpt lat="27.6180250" lon="85.3830560">
    <ele>1527.0</ele>
   </trkpt>
   <trkpt lat="27.6180310" lon="85.3830340">
    <ele>1527.0</ele>
   </trkpt>
   <trkpt lat="27.6180310" lon="85.3830260">
    <ele>1528.0</ele>
   </trkpt>
   <trkpt lat="27.6180320" lon="85.3830190">
    <ele>1528.0</ele>
   </trkpt>
   <trkpt lat="27.6180320" lon="85.3830110">
    <ele>1528.0</ele>
   </trkpt>
   <trkpt lat="27.6180250" lon="85.3829830">
    <ele>1528.0</ele>
   </trkpt>
   <trkpt lat="27.6180200" lon="85.3829730">
    <ele>1528.0</ele>
   </trkpt>
   <trkpt lat="27.6180160" lon="85.3829640">
    <ele>1528.0</ele>
   </trkpt>
   <trkpt lat="27.6180110" lon="85.3829540">
    <ele>1528.0</ele>
   </trkpt>
   <trkpt lat="27.6179880" lon="85.3829330">
    <ele>1528.0</ele>
   </trkpt>
   <trkpt lat="27.6179790" lon="85.3829290">
    <ele>1528.0</ele>
   </trkpt>
   <trkpt lat="27.6179690" lon="85.3829240">
    <ele>1528.0</ele>
   </trkpt>
   <trkpt lat="27.6179600" lon="85.3829200">
    <ele>1528.0</ele>
   </trkpt>
   <trkpt lat="27.6179320" lon="85.3829110">
    <ele>1528.0</ele>
   </trkpt>
   <trkpt lat="27.6179220" lon="85.3829080">
    <ele>1529.0</ele>
   </trkpt>
   <trkpt lat="27.6179120" lon="85.3829040">
    <ele>1529.0</ele>
   </trkpt>
   <trkpt lat="27.6179020" lon="85.3829000">
    <ele>1529.0</ele>
   </trkpt>
   <trkpt lat="27.6178710" lon="85.3828870">
    <ele>1529.0</ele>
   </trkpt>
   <trkpt lat="27.6178610" lon="85.3828830">
    <ele>1529.0</ele>
   </trkpt>
   <trkpt lat="27.6178520" lon="85.3828780">
    <ele>1529.0</ele>
   </trkpt>
   <trkpt lat="27.6178430" lon="85.3828730">
    <ele>1529.0</ele>
   </trkpt>
   <trkpt lat="27.6178150" lon="85.3828590">
    <ele>1529.0</ele>
   </trkpt>
   <trkpt lat="27.6178060" lon="85.3828550">
    <ele>1530.0</ele>
   </trkpt>
   <trkpt lat="27.6177970" lon="85.3828510">
    <ele>1530.0</ele>
   </trkpt>
   <trkpt lat="27.6177880" lon="85.3828470">
    <ele>1530.0</ele>
   </trkpt>
   <trkpt lat="27.6177630" lon="85.3828370">
    <ele>1530.0</ele>
   </trkpt>
   <trkpt lat="27.6177550" lon="85.3828340">
    <ele>1530.0</ele>
   </trkpt>
   <trkpt lat="27.6177480" lon="85.3828310">
    <ele>1530.0</ele>
   </trkpt>
   <trkpt lat="27.6177400" lon="85.3828280">
    <ele>1530.0</ele>
   </trkpt>
   <trkpt lat="27.6177180" lon="85.3828180">
    <ele>1530.0</ele>
   </trkpt>
   <trkpt lat="27.6177100" lon="85.3828130">
    <ele>1531.0</ele>
   </trkpt>
   <trkpt lat="27.6177030" lon="85.3828070">
    <ele>1531.0</ele>
   </trkpt>
   <trkpt lat="27.6176960" lon="85.3828020">
    <ele>1531.0</ele>
   </trkpt>
   <trkpt lat="27.6176730" lon="85.3827810">
    <ele>1531.0</ele>
   </trkpt>
   <trkpt lat="27.6176650" lon="85.3827730">
    <ele>1531.0</ele>
   </trkpt>
   <trkpt lat="27.6176570" lon="85.3827650">
    <ele>1531.0</ele>
   </trkpt>
   <trkpt lat="27.6176490" lon="85.3827580">
    <ele>1531.0</ele>
   </trkpt>
   <trkpt lat="27.6176200" lon="85.3827280">
    <ele>1531.0</ele>
   </trkpt>
   <trkpt lat="27.6176110" lon="85.3827170">
    <ele>1532.0</ele>
   </trkpt>
   <trkpt lat="27.6176010" lon="85.3827060">
    <ele>1532.0</ele>
   </trkpt>
   <trkpt lat="27.6175910" lon="85.3826950">
    <ele>1533.0</ele>
   </trkpt>
   <trkpt lat="27.6175640" lon="85.3826570">
    <ele>1533.0</ele>
   </trkpt>
   <trkpt lat="27.6175560" lon="85.3826430">
    <ele>1534.0</ele>
   </trkpt>
   <trkpt lat="27.6175480" lon="85.3826290">
    <ele>1534.0</ele>
   </trkpt>
   <trkpt lat="27.6175390" lon="85.3826160">
    <ele>1534.0</ele>
   </trkpt>
   <trkpt lat="27.6175150" lon="85.3825830">
    <ele>1534.0</ele>
   </trkpt>
   <trkpt lat="27.6175080" lon="85.3825750">
    <ele>1534.0</ele>
   </trkpt>
   <trkpt lat="27.6175000" lon="85.3825660">
    <ele>1534.0</ele>
   </trkpt>
   <trkpt lat="27.6174930" lon="85.3825580">
    <ele>1534.0</ele>
   </trkpt>
   <trkpt lat="27.6174720" lon="85.3825390">
    <ele>1534.0</ele>
   </trkpt>
   <trkpt lat="27.6174650" lon="85.3825330">
    <ele>1535.0</ele>
   </trkpt>
   <trkpt lat="27.6174580" lon="85.3825260">
    <ele>1535.0</ele>
   </trkpt>
   <trkpt lat="27.6174510" lon="85.3825200">
    <ele>1535.0</ele>
   </trkpt>
   <trkpt lat="27.6174350" lon="85.3824980">
    <ele>1535.0</ele>
   </trkpt>
   <trkpt lat="27.6174310" lon="85.3824900">
    <ele>1535.0</ele>
   </trkpt>
   <trkpt lat="27.6174270" lon="85.3824820">
    <ele>1535.0</ele>
   </trkpt>
   <trkpt lat="27.6174230" lon="85.3824730">
    <ele>1535.0</ele>
   </trkpt>
   <trkpt lat="27.6174150" lon="85.3824500">
    <ele>1535.0</ele>
   </trkpt>
   <trkpt lat="27.6174120" lon="85.3824410">
    <ele>1536.0</ele>
   </trkpt>
   <trkpt lat="27.6174090" lon="85.3824330">
    <ele>1536.0</ele>
   </trkpt>
   <trkpt lat="27.6174060" lon="85.3824250">
    <ele>1536.0</ele>
   </trkpt>
   <trkpt lat="27.6173960" lon="85.3823980">
    <ele>1536.0</ele>
   </trkpt>
   <trkpt lat="27.6173920" lon="85.3823880">
    <ele>1537.0</ele>
   </trkpt>
   <trkpt lat="27.6173880" lon="85.3823790">
    <ele>1537.0</ele>
   </trkpt>
   <trkpt lat="27.6173840" lon="85.3823690">
    <ele>1537.0</ele>
   </trkpt>
   <trkpt lat="27.6173720" lon="85.3823390">
    <ele>1537.0</ele>
   </trkpt>
   <trkpt lat="27.6173670" lon="85.3823280">
    <ele>1538.0</ele>
   </trkpt>
   <trkpt lat="27.6173620" lon="85.3823180">
    <ele>1538.0</ele>
   </trkpt>
   <trkpt lat="27.6173570" lon="85.3823070">
    <ele>1538.0</ele>
   </trkpt>
   <trkpt lat="27.6173460" lon="85.3822800">
    <ele>1538.0</ele>
   </trkpt>
   <trkpt lat="27.6173440" lon="85.3822730">
    <ele>1538.0</ele>
   </trkpt>
   <trkpt lat="27.6173420" lon="85.3822650">
    <ele>1538.0</ele>
   </trkpt>
   <trkpt lat="27.6173400" lon="85.3822570">
    <ele>1538.0</ele>
   </trkpt>
   <trkpt lat="27.6173340" lon="85.3822310">
    <ele>1538.0</ele>
   </trkpt>
   <trkpt lat="27.6173320" lon="85.3822220">
    <ele>1539.0</ele>
   </trkpt>
   <trkpt lat="27.6173300" lon="85.3822120">
    <ele>1539.0</ele>
   </trkpt>
   <trkpt lat="27.6173290" lon="85.3822030">
    <ele>1539.0</ele>
   </trkpt>
   <trkpt lat="27.6173300" lon="85.3821760">
    <ele>1539.0</ele>
   </trkpt>
   <trkpt lat="27.6173320" lon="85.3821670">
    <ele>1539.0</ele>
   </trkpt>
   <trkpt lat="27.6173340" lon="85.3821580">
    <ele>1539.0</ele>
   </trkpt>
   <trkpt lat="27.6173350" lon="85.3821490">
    <ele>1539.0</ele>
   </trkpt>
   <trkpt lat="27.6173420" lon="85.3821190">
    <ele>1539.0</ele>
   </trkpt>
   <trkpt lat="27.6173430" lon="85.3821070">
    <ele>1540.0</ele>
   </trkpt>
   <trkpt lat="27.6173450" lon="85.3820960">
    <ele>1540.0</ele>
   </trkpt>
   <trkpt lat="27.6173460" lon="85.3820850">
    <ele>1540.0</ele>
   </trkpt>
   <trkpt lat="27.6173510" lon="85.3820540">
    <ele>1540.0</ele>
   </trkpt>
   <trkpt lat="27.6173540" lon="85.3820430">
    <ele>1540.0</ele>
   </trkpt>
   <trkpt lat="27.6173570" lon="85.3820330">
    <ele>1540.0</ele>
   </trkpt>
   <trkpt lat="27.6173610" lon="85.3820230">
    <ele>1540.0</ele>
   </trkpt>
   <trkpt lat="27.6173780" lon="85.3819830">
    <ele>1540.0</ele>
   </trkpt>
   <trkpt lat="27.6173910" lon="85.3819610">
    <ele>1540.0</ele>
   </trkpt>
   <trkpt lat="27.6174080" lon="85.3819310">
    <ele>1539.0</ele>
   </trkpt>
   <trkpt lat="27.6174260" lon="85.3819020">
    <ele>1539.0</ele>
   </trkpt>
   <trkpt lat="27.6174410" lon="85.3818760">
    <ele>1539.0</ele>
   </trkpt>
   <trkpt lat="27.6174570" lon="85.3818600">
    <ele>1539.0</ele>
   </trkpt>
   <trkpt lat="27.6174740" lon="85.3818450">
    <ele>1539.0</ele>
   </trkpt>
   <trkpt lat="27.6174900" lon="85.3818300">
    <ele>1539.0</ele>
   </trkpt>
   <trkpt lat="27.6175480" lon="85.3817950">
    <ele>1539.0</ele>
   </trkpt>
   <trkpt lat="27.6175680" lon="85.3817870">
    <ele>1539.0</ele>
   </trkpt>
   <trkpt lat="27.6175890" lon="85.3817790">
    <ele>1539.0</ele>
   </trkpt>
   <trkpt lat="27.6176100" lon="85.3817720">
    <ele>1539.0</ele>
   </trkpt>
   <trkpt lat="27.6176730" lon="85.3817590">
    <ele>1539.0</ele>
   </trkpt>
   <trkpt lat="27.6176930" lon="85.3817540">
    <ele>1539.0</ele>
   </trkpt>
   <trkpt lat="27.6177130" lon="85.3817480">
    <ele>1539.0</ele>
   </trkpt>
   <trkpt lat="27.6177330" lon="85.3817430">
    <ele>1539.0</ele>
   </trkpt>
   <trkpt lat="27.6177850" lon="85.3817210">
    <ele>1539.0</ele>
   </trkpt>
   <trkpt lat="27.6178090" lon="85.3817060">
    <ele>1540.0</ele>
   </trkpt>
   <trkpt lat="27.6178330" lon="85.3816910">
    <ele>1540.0</ele>
   </trkpt>
   <trkpt lat="27.6178560" lon="85.3816760">
    <ele>1540.0</ele>
   </trkpt>
   <trkpt lat="27.6178800" lon="85.3816610">
    <ele>1540.0</ele>
   </trkpt>
   <trkpt lat="27.6178950" lon="85.3816500">
    <ele>1540.0</ele>
   </trkpt>
   <trkpt lat="27.6179110" lon="85.3816400">
    <ele>1540.0</ele>
   </trkpt>
   <trkpt lat="27.6179260" lon="85.3816290">
    <ele>1540.0</ele>
   </trkpt>
   <trkpt lat="27.6179720" lon="85.3816020">
    <ele>1540.0</ele>
   </trkpt>
   <trkpt lat="27.6179870" lon="85.3815940">
    <ele>1541.0</ele>
   </trkpt>
   <trkpt lat="27.6180020" lon="85.3815870">
    <ele>1541.0</ele>
   </trkpt>
   <trkpt lat="27.6180170" lon="85.3815790">
    <ele>1541.0</ele>
   </trkpt>
   <trkpt lat="27.6180650" lon="85.3815660">
    <ele>1541.0</ele>
   </trkpt>
   <trkpt lat="27.6180810" lon="85.3815640">
    <ele>1542.0</ele>
   </trkpt>
   <trkpt lat="27.6180970" lon="85.3815620">
    <ele>1542.0</ele>
   </trkpt>
   <trkpt lat="27.6181140" lon="85.3815600">
    <ele>1542.0</ele>
   </trkpt>
   <trkpt lat="27.6181630" lon="85.3815500">
    <ele>1542.0</ele>
   </trkpt>
   <trkpt lat="27.6181880" lon="85.3815390">
    <ele>1542.0</ele>
   </trkpt>
   <trkpt lat="27.6182130" lon="85.3815270">
    <ele>1542.0</ele>
   </trkpt>
   <trkpt lat="27.6182370" lon="85.3815160">
    <ele>1542.0</ele>
   </trkpt>
   <trkpt lat="27.6182620" lon="85.3815040">
    <ele>1542.0</ele>
   </trkpt>
   <trkpt lat="27.6182770" lon="85.3814930">
    <ele>1542.0</ele>
   </trkpt>
   <trkpt lat="27.6182920" lon="85.3814820">
    <ele>1542.0</ele>
   </trkpt>
   <trkpt lat="27.6183070" lon="85.3814720">
    <ele>1542.0</ele>
   </trkpt>
   <trkpt lat="27.6183530" lon="85.3814440">
    <ele>1542.0</ele>
   </trkpt>
   <trkpt lat="27.6183710" lon="85.3814390">
    <ele>1542.0</ele>
   </trkpt>
   <trkpt lat="27.6183890" lon="85.3814350">
    <ele>1542.0</ele>
   </trkpt>
   <trkpt lat="27.6184070" lon="85.3814300">
    <ele>1542.0</ele>
   </trkpt>
   <trkpt lat="27.6184650" lon="85.3814310">
    <ele>1542.0</ele>
   </trkpt>
   <trkpt lat="27.6184840" lon="85.3814330">
    <ele>1542.0</ele>
   </trkpt>
   <trkpt lat="27.6185030" lon="85.3814340">
    <ele>1542.0</ele>
   </trkpt>
   <trkpt lat="27.6185220" lon="85.3814360">
    <ele>1542.0</ele>
   </trkpt>
   <trkpt lat="27.6185770" lon="85.3814360">
    <ele>1542.0</ele>
   </trkpt>
   <trkpt lat="27.6185970" lon="85.3814350">
    <ele>1542.0</ele>
   </trkpt>
   <trkpt lat="27.6186160" lon="85.3814340">
    <ele>1542.0</ele>
   </trkpt>
   <trkpt lat="27.6186360" lon="85.3814330">
    <ele>1542.0</ele>
   </trkpt>
   <trkpt lat="27.6186910" lon="85.3814320">
    <ele>1542.0</ele>
   </trkpt>
   <trkpt lat="27.6187090" lon="85.3814320">
    <ele>1542.0</ele>
   </trkpt>
   <trkpt lat="27.6187270" lon="85.3814320">
    <ele>1541.0</ele>
   </trkpt>
   <trkpt lat="27.6187450" lon="85.3814320">
    <ele>1541.0</ele>
   </trkpt>
   <trkpt lat="27.6188040" lon="85.3814380">
    <ele>1541.0</ele>
   </trkpt>
   <trkpt lat="27.6188240" lon="85.3814380">
    <ele>1541.0</ele>
   </trkpt>
   <trkpt lat="27.6188450" lon="85.3814390">
    <ele>1541.0</ele>
   </trkpt>
   <trkpt lat="27.6188650" lon="85.3814390">
    <ele>1541.0</ele>
   </trkpt>
   <trkpt lat="27.6189240" lon="85.3814220">
    <ele>1541.0</ele>
   </trkpt>
   <trkpt lat="27.6189420" lon="85.3814130">
    <ele>1541.0</ele>
   </trkpt>
   <trkpt lat="27.6189600" lon="85.3814040">
    <ele>1540.0</ele>
   </trkpt>
   <trkpt lat="27.6189780" lon="85.3813950">
    <ele>1540.0</ele>
   </trkpt>
   <trkpt lat="27.6190310" lon="85.3813670">
    <ele>1540.0</ele>
   </trkpt>
   <trkpt lat="27.6190480" lon="85.3813580">
    <ele>1540.0</ele>
   </trkpt>
   <trkpt lat="27.6190660" lon="85.3813500">
    <ele>1540.0</ele>
   </trkpt>
   <trkpt lat="27.6190830" lon="85.3813410">
    <ele>1540.0</ele>
   </trkpt>
   <trkpt lat="27.6191300" lon="85.3813160">
    <ele>1540.0</ele>
   </trkpt>
   <trkpt lat="27.6191510" lon="85.3813040">
    <ele>1540.0</ele>
   </trkpt>
   <trkpt lat="27.6191720" lon="85.3812930">
    <ele>1539.0</ele>
   </trkpt>
   <trkpt lat="27.6191930" lon="85.3812810">
    <ele>1539.0</ele>
   </trkpt>
   <trkpt lat="27.6192230" lon="85.3812650">
    <ele>1539.0</ele>
   </trkpt>
   <trkpt lat="27.6192390" lon="85.3812550">
    <ele>1539.0</ele>
   </trkpt>
   <trkpt lat="27.6192540" lon="85.3812450">
    <ele>1538.0</ele>
   </trkpt>
   <trkpt lat="27.6192700" lon="85.3812350">
    <ele>1538.0</ele>
   </trkpt>
   <trkpt lat="27.6193160" lon="85.3812020">
    <ele>1538.0</ele>
   </trkpt>
   <trkpt lat="27.6193300" lon="85.3811940">
    <ele>1538.0</ele>
   </trkpt>
   <trkpt lat="27.6193440" lon="85.3811860">
    <ele>1537.0</ele>
   </trkpt>
   <trkpt lat="27.6193580" lon="85.3811780">
    <ele>1537.0</ele>
   </trkpt>
   <trkpt lat="27.6193970" lon="85.3811630">
    <ele>1537.0</ele>
   </trkpt>
   <trkpt lat="27.6194170" lon="85.3811610">
    <ele>1537.0</ele>
   </trkpt>
   <trkpt lat="27.6194460" lon="85.3811570">
    <ele>1536.0</ele>
   </trkpt>
   <trkpt lat="27.6194750" lon="85.3811540">
    <ele>1536.0</ele>
   </trkpt>
   <trkpt lat="27.6194990" lon="85.3811510">
    <ele>1535.0</ele>
   </trkpt>
   <trkpt lat="27.6195170" lon="85.3811440">
    <ele>1535.0</ele>
   </trkpt>
   <trkpt lat="27.6195350" lon="85.3811380">
    <ele>1534.0</ele>
   </trkpt>
   <trkpt lat="27.6195530" lon="85.3811320">
    <ele>1534.0</ele>
   </trkpt>
   <trkpt lat="27.6195950" lon="85.3810980">
    <ele>1534.0</ele>
   </trkpt>
   <trkpt lat="27.6196020" lon="85.3810760">
    <ele>1534.0</ele>
   </trkpt>
   <trkpt lat="27.6196120" lon="85.3810450">
    <ele>1533.0</ele>
   </trkpt>
   <trkpt lat="27.6196210" lon="85.3810150">
    <ele>1533.0</ele>
   </trkpt>
   <trkpt lat="27.6196310" lon="85.3809840">
    <ele>1533.0</ele>
   </trkpt>
   <trkpt lat="27.6196340" lon="85.3809600">
    <ele>1533.0</ele>
   </trkpt>
   <trkpt lat="27.6196360" lon="85.3809360">
    <ele>1533.0</ele>
   </trkpt>
   <trkpt lat="27.6196390" lon="85.3809130">
    <ele>1533.0</ele>
   </trkpt>
   <trkpt lat="27.6196510" lon="85.3808430">
    <ele>1533.0</ele>
   </trkpt>
   <trkpt lat="27.6196560" lon="85.3808210">
    <ele>1533.0</ele>
   </trkpt>
   <trkpt lat="27.6196610" lon="85.3807990">
    <ele>1533.0</ele>
   </trkpt>
   <trkpt lat="27.6196660" lon="85.3807780">
    <ele>1533.0</ele>
   </trkpt>
   <trkpt lat="27.6196790" lon="85.3807160">
    <ele>1533.0</ele>
   </trkpt>
   <trkpt lat="27.6196830" lon="85.3806970">
    <ele>1533.0</ele>
   </trkpt>
   <trkpt lat="27.6196870" lon="85.3806780">
    <ele>1532.0</ele>
   </trkpt>
   <trkpt lat="27.6196910" lon="85.3806590">
    <ele>1532.0</ele>
   </trkpt>
   <trkpt lat="27.6196930" lon="85.3806100">
    <ele>1532.0</ele>
   </trkpt>
   <trkpt lat="27.6196890" lon="85.3805970">
    <ele>1532.0</ele>
   </trkpt>
   <trkpt lat="27.6196850" lon="85.3805830">
    <ele>1532.0</ele>
   </trkpt>
   <trkpt lat="27.6196820" lon="85.3805690">
    <ele>1532.0</ele>
   </trkpt>
   <trkpt lat="27.6196570" lon="85.3805310">
    <ele>1532.0</ele>
   </trkpt>
   <trkpt lat="27.6196480" lon="85.3805170">
    <ele>1533.0</ele>
   </trkpt>
   <trkpt lat="27.6196390" lon="85.3805040">
    <ele>1533.0</ele>
   </trkpt>
   <trkpt lat="27.6196310" lon="85.3804900">
    <ele>1533.0</ele>
   </trkpt>
   <trkpt lat="27.6196190" lon="85.3804500">
    <ele>1533.0</ele>
   </trkpt>
   <trkpt lat="27.6196200" lon="85.3804360">
    <ele>1533.0</ele>
   </trkpt>
   <trkpt lat="27.6196210" lon="85.3804220">
    <ele>1533.0</ele>
   </trkpt>
   <trkpt lat="27.6196230" lon="85.3804090">
    <ele>1533.0</ele>
   </trkpt>
   <trkpt lat="27.6196250" lon="85.3803630">
    <ele>1533.0</ele>
   </trkpt>
   <trkpt lat="27.6196230" lon="85.3803460">
    <ele>1534.0</ele>
   </trkpt>
   <trkpt lat="27.6196210" lon="85.3803290">
    <ele>1534.0</ele>
   </trkpt>
   <trkpt lat="27.6196200" lon="85.3803120">
    <ele>1534.0</ele>
   </trkpt>
   <trkpt lat="27.6196110" lon="85.3802600">
    <ele>1534.0</ele>
   </trkpt>
   <trkpt lat="27.6196070" lon="85.3802440">
    <ele>1535.0</ele>
   </trkpt>
   <trkpt lat="27.6196030" lon="85.3802270">
    <ele>1535.0</ele>
   </trkpt>
   <trkpt lat="27.6195990" lon="85.3802100">
    <ele>1535.0</ele>
   </trkpt>
   <trkpt lat="27.6195830" lon="85.3801700">
    <ele>1535.0</ele>
   </trkpt>
   <trkpt lat="27.6195790" lon="85.3801620">
    <ele>1535.0</ele>
   </trkpt>
   <trkpt lat="27.6195740" lon="85.3801530">
    <ele>1535.0</ele>
   </trkpt>
   <trkpt lat="27.6195700" lon="85.3801440">
    <ele>1535.0</ele>
   </trkpt>
   <trkpt lat="27.6195620" lon="85.3801260">
    <ele>1535.0</ele>
   </trkpt>
   <trkpt lat="27.6195600" lon="85.3801200">
    <ele>1535.0</ele>
   </trkpt>
   <trkpt lat="27.6195580" lon="85.3801130">
    <ele>1535.0</ele>
   </trkpt>
   <trkpt lat="27.6195560" lon="85.3801070">
    <ele>1535.0</ele>
   </trkpt>
   <trkpt lat="27.6195460" lon="85.3800880">
    <ele>1535.0</ele>
   </trkpt>
   <trkpt lat="27.6195390" lon="85.3800810">
    <ele>1535.0</ele>
   </trkpt>
   <trkpt lat="27.6195330" lon="85.3800740">
    <ele>1535.0</ele>
   </trkpt>
   <trkpt lat="27.6195270" lon="85.3800660">
    <ele>1535.0</ele>
   </trkpt>
   <trkpt lat="27.6195030" lon="85.3800400">
    <ele>1535.0</ele>
   </trkpt>
   <trkpt lat="27.6194950" lon="85.3800310">
    <ele>1536.0</ele>
   </trkpt>
   <trkpt lat="27.6194860" lon="85.3800210">
    <ele>1536.0</ele>
   </trkpt>
   <trkpt lat="27.6194780" lon="85.3800120">
    <ele>1536.0</ele>
   </trkpt>
   <trkpt lat="27.6194560" lon="85.3799800">
    <ele>1536.0</ele>
   </trkpt>
   <trkpt lat="27.6194500" lon="85.3799690">
    <ele>1536.0</ele>
   </trkpt>
   <trkpt lat="27.6194440" lon="85.3799590">
    <ele>1536.0</ele>
   </trkpt>
   <trkpt lat="27.6194380" lon="85.3799480">
    <ele>1536.0</ele>
   </trkpt>
   <trkpt lat="27.6194250" lon="85.3799160">
    <ele>1536.0</ele>
   </trkpt>
   <trkpt lat="27.6194200" lon="85.3799070">
    <ele>1536.0</ele>
   </trkpt>
   <trkpt lat="27.6194150" lon="85.3798970">
    <ele>1536.0</ele>
   </trkpt>
   <trkpt lat="27.6194110" lon="85.3798880">
    <ele>1536.0</ele>
   </trkpt>
   <trkpt lat="27.6193970" lon="85.3798690">
    <ele>1536.0</ele>
   </trkpt>
   <trkpt lat="27.6193930" lon="85.3798640">
    <ele>1537.0</ele>
   </trkpt>
   <trkpt lat="27.6193900" lon="85.3798590">
    <ele>1537.0</ele>
   </trkpt>
   <trkpt lat="27.6193860" lon="85.3798540">
    <ele>1537.0</ele>
   </trkpt>
   <trkpt lat="27.6193790" lon="85.3798330">
    <ele>1537.0</ele>
   </trkpt>
   <trkpt lat="27.6193760" lon="85.3798230">
    <ele>1537.0</ele>
   </trkpt>
   <trkpt lat="27.6193730" lon="85.3798130">
    <ele>1537.0</ele>
   </trkpt>
   <trkpt lat="27.6193700" lon="85.3798030">
    <ele>1537.0</ele>
   </trkpt>
   <trkpt lat="27.6193600" lon="85.3797640">
    <ele>1537.0</ele>
   </trkpt>
   <trkpt lat="27.6193550" lon="85.3797500">
    <ele>1538.0</ele>
   </trkpt>
   <trkpt lat="27.6193500" lon="85.3797360">
    <ele>1538.0</ele>
   </trkpt>
   <trkpt lat="27.6193450" lon="85.3797230">
    <ele>1538.0</ele>
   </trkpt>
   <trkpt lat="27.6193310" lon="85.3796750">
    <ele>1538.0</ele>
   </trkpt>
   <trkpt lat="27.6193260" lon="85.3796500">
    <ele>1538.0</ele>
   </trkpt>
   <trkpt lat="27.6193210" lon="85.3796200">
    <ele>1538.0</ele>
   </trkpt>
   <trkpt lat="27.6193150" lon="85.3795910">
    <ele>1538.0</ele>
   </trkpt>
   <trkpt lat="27.6193100" lon="85.3795610">
    <ele>1538.0</ele>
   </trkpt>
   <trkpt lat="27.6193100" lon="85.3795310">
    <ele>1538.0</ele>
   </trkpt>
   <trkpt lat="27.6193090" lon="85.3795010">
    <ele>1538.0</ele>
   </trkpt>
   <trkpt lat="27.6193090" lon="85.3794700">
    <ele>1538.0</ele>
   </trkpt>
   <trkpt lat="27.6193080" lon="85.3794400">
    <ele>1538.0</ele>
   </trkpt>
   <trkpt lat="27.6193060" lon="85.3794190">
    <ele>1538.0</ele>
   </trkpt>
   <trkpt lat="27.6193030" lon="85.3793970">
    <ele>1538.0</ele>
   </trkpt>
   <trkpt lat="27.6193010" lon="85.3793760">
    <ele>1538.0</ele>
   </trkpt>
   <trkpt lat="27.6192900" lon="85.3793130">
    <ele>1538.0</ele>
   </trkpt>
   <trkpt lat="27.6192870" lon="85.3792920">
    <ele>1538.0</ele>
   </trkpt>
   <trkpt lat="27.6192840" lon="85.3792720">
    <ele>1538.0</ele>
   </trkpt>
   <trkpt lat="27.6192820" lon="85.3792510">
    <ele>1538.0</ele>
   </trkpt>
   <trkpt lat="27.6192780" lon="85.3791900">
    <ele>1538.0</ele>
   </trkpt>
   <trkpt lat="27.6192780" lon="85.3791690">
    <ele>1538.0</ele>
   </trkpt>
   <trkpt lat="27.6192790" lon="85.3791480">
    <ele>1537.0</ele>
   </trkpt>
   <trkpt lat="27.6192790" lon="85.3791270">
    <ele>1537.0</ele>
   </trkpt>
   <trkpt lat="27.6192890" lon="85.3790630">
    <ele>1537.0</ele>
   </trkpt>
   <trkpt lat="27.6192950" lon="85.3790420">
    <ele>1537.0</ele>
   </trkpt>
   <trkpt lat="27.6193000" lon="85.3790200">
    <ele>1537.0</ele>
   </trkpt>
   <trkpt lat="27.6193060" lon="85.3789990">
    <ele>1537.0</ele>
   </trkpt>
   <trkpt lat="27.6193260" lon="85.3789330">
    <ele>1537.0</ele>
   </trkpt>
   <trkpt lat="27.6193340" lon="85.3789120">
    <ele>1537.0</ele>
   </trkpt>
   <trkpt lat="27.6193410" lon="85.3788900">
    <ele>1537.0</ele>
   </trkpt>
   <trkpt lat="27.6193480" lon="85.3788680">
    <ele>1537.0</ele>
   </trkpt>
   <trkpt lat="27.6193690" lon="85.3788070">
    <ele>1537.0</ele>
   </trkpt>
   <trkpt lat="27.6193790" lon="85.3787900">
    <ele>1537.0</ele>
   </trkpt>
   <trkpt lat="27.6193900" lon="85.3787730">
    <ele>1537.0</ele>
   </trkpt>
   <trkpt lat="27.6194000" lon="85.3787560">
    <ele>1537.0</ele>
   </trkpt>
   <trkpt lat="27.6194390" lon="85.3787130">
    <ele>1537.0</ele>
   </trkpt>
   <trkpt lat="27.6194520" lon="85.3786990">
    <ele>1537.0</ele>
   </trkpt>
   <trkpt lat="27.6194640" lon="85.3786840">
    <ele>1537.0</ele>
   </trkpt>
   <trkpt lat="27.6194770" lon="85.3786700">
    <ele>1537.0</ele>
   </trkpt>
   <trkpt lat="27.6195060" lon="85.3786260">
    <ele>1537.0</ele>
   </trkpt>
   <trkpt lat="27.6195150" lon="85.3786120">
    <ele>1537.0</ele>
   </trkpt>
   <trkpt lat="27.6195240" lon="85.3785970">
    <ele>1537.0</ele>
   </trkpt>
   <trkpt lat="27.6195330" lon="85.3785830">
    <ele>1537.0</ele>
   </trkpt>
   <trkpt lat="27.6195610" lon="85.3785380">
    <ele>1537.0</ele>
   </trkpt>
   <trkpt lat="27.6195790" lon="85.3785180">
    <ele>1537.0</ele>
   </trkpt>
   <trkpt lat="27.6195940" lon="85.3785010">
    <ele>1537.0</ele>
   </trkpt>
   <trkpt lat="27.6196080" lon="85.3784850">
    <ele>1537.0</ele>
   </trkpt>
   <trkpt lat="27.6196320" lon="85.3784580">
    <ele>1537.0</ele>
   </trkpt>
   <trkpt lat="27.6196490" lon="85.3784460">
    <ele>1537.0</ele>
   </trkpt>
   <trkpt lat="27.6196660" lon="85.3784350">
    <ele>1537.0</ele>
   </trkpt>
   <trkpt lat="27.6196830" lon="85.3784230">
    <ele>1537.0</ele>
   </trkpt>
   <trkpt lat="27.6197310" lon="85.3783940">
    <ele>1537.0</ele>
   </trkpt>
   <trkpt lat="27.6197450" lon="85.3783850">
    <ele>1537.0</ele>
   </trkpt>
   <trkpt lat="27.6197600" lon="85.3783760">
    <ele>1537.0</ele>
   </trkpt>
   <trkpt lat="27.6197740" lon="85.3783670">
    <ele>1537.0</ele>
   </trkpt>
   <trkpt lat="27.6198170" lon="85.3783370">
    <ele>1537.0</ele>
   </trkpt>
   <trkpt lat="27.6198320" lon="85.3783280">
    <ele>1537.0</ele>
   </trkpt>
   <trkpt lat="27.6198470" lon="85.3783180">
    <ele>1536.0</ele>
   </trkpt>
   <trkpt lat="27.6198620" lon="85.3783080">
    <ele>1536.0</ele>
   </trkpt>
   <trkpt lat="27.6199010" lon="85.3782790">
    <ele>1536.0</ele>
   </trkpt>
   <trkpt lat="27.6199130" lon="85.3782660">
    <ele>1536.0</ele>
   </trkpt>
   <trkpt lat="27.6199240" lon="85.3782540">
    <ele>1535.0</ele>
   </trkpt>
   <trkpt lat="27.6199360" lon="85.3782410">
    <ele>1535.0</ele>
   </trkpt>
   <trkpt lat="27.6199660" lon="85.3781930">
    <ele>1534.0</ele>
   </trkpt>
   <trkpt lat="27.6199720" lon="85.3781740">
    <ele>1534.0</ele>
   </trkpt>
   <trkpt lat="27.6199780" lon="85.3781540">
    <ele>1533.0</ele>
   </trkpt>
   <trkpt lat="27.6199840" lon="85.3781350">
    <ele>1533.0</ele>
   </trkpt>
   <trkpt lat="27.6199820" lon="85.3780750">
    <ele>1533.0</ele>
   </trkpt>
   <trkpt lat="27.6199740" lon="85.3780590">
    <ele>1533.0</ele>
   </trkpt>
   <trkpt lat="27.6199670" lon="85.3780430">
    <ele>1532.0</ele>
   </trkpt>
   <trkpt lat="27.6199600" lon="85.3780270">
    <ele>1532.0</ele>
   </trkpt>
   <trkpt lat="27.6199300" lon="85.3779960">
    <ele>1532.0</ele>
   </trkpt>
   <trkpt lat="27.6199180" lon="85.3779890">
    <ele>1532.0</ele>
   </trkpt>
   <trkpt lat="27.6199070" lon="85.3779830">
    <ele>1532.0</ele>
   </trkpt>
   <trkpt lat="27.6198950" lon="85.3779770">
    <ele>1532.0</ele>
   </trkpt>
   <trkpt lat="27.6198530" lon="85.3779630">
    <ele>1532.0</ele>
   </trkpt>
   <trkpt lat="27.6198380" lon="85.3779580">
    <ele>1532.0</ele>
   </trkpt>
   <trkpt lat="27.6198230" lon="85.3779520">
    <ele>1531.0</ele>
   </trkpt>
   <trkpt lat="27.6198080" lon="85.3779470">
    <ele>1531.0</ele>
   </trkpt>
   <trkpt lat="27.6197640" lon="85.3779200">
    <ele>1531.0</ele>
   </trkpt>
   <trkpt lat="27.6197470" lon="85.3779080">
    <ele>1531.0</ele>
   </trkpt>
   <trkpt lat="27.6197300" lon="85.3778960">
    <ele>1531.0</ele>
   </trkpt>
   <trkpt lat="27.6197140" lon="85.3778840">
    <ele>1531.0</ele>
   </trkpt>
   <trkpt lat="27.6196660" lon="85.3778500">
    <ele>1531.0</ele>
   </trkpt>
   <trkpt lat="27.6196490" lon="85.3778390">
    <ele>1531.0</ele>
   </trkpt>
   <trkpt lat="27.6196330" lon="85.3778290">
    <ele>1531.0</ele>
   </trkpt>
   <trkpt lat="27.6196160" lon="85.3778190">
    <ele>1531.0</ele>
   </trkpt>
   <trkpt lat="27.6195620" lon="85.3777940">
    <ele>1531.0</ele>
   </trkpt>
   <trkpt lat="27.6195450" lon="85.3777850">
    <ele>1531.0</ele>
   </trkpt>
   <trkpt lat="27.6195270" lon="85.3777770">
    <ele>1531.0</ele>
   </trkpt>
   <trkpt lat="27.6195100" lon="85.3777680">
    <ele>1531.0</ele>
   </trkpt>
   <trkpt lat="27.6194670" lon="85.3777330">
    <ele>1531.0</ele>
   </trkpt>
   <trkpt lat="27.6194540" lon="85.3777210">
    <ele>1531.0</ele>
   </trkpt>
   <trkpt lat="27.6194420" lon="85.3777080">
    <ele>1531.0</ele>
   </trkpt>
   <trkpt lat="27.6194290" lon="85.3776960">
    <ele>1531.0</ele>
   </trkpt>
   <trkpt lat="27.6193860" lon="85.3776690">
    <ele>1531.0</ele>
   </trkpt>
   <trkpt lat="27.6193690" lon="85.3776670">
    <ele>1532.0</ele>
   </trkpt>
   <trkpt lat="27.6193510" lon="85.3776640">
    <ele>1532.0</ele>
   </trkpt>
   <trkpt lat="27.6193130" lon="85.3776680">
    <ele>1532.0</ele>
   </trkpt>
   <trkpt lat="27.6192750" lon="85.3776710">
    <ele>1532.0</ele>
   </trkpt>
   <trkpt lat="27.6192570" lon="85.3776780">
    <ele>1532.0</ele>
   </trkpt>
   <trkpt lat="27.6192380" lon="85.3776860">
    <ele>1532.0</ele>
   </trkpt>
   <trkpt lat="27.6192190" lon="85.3776930">
    <ele>1532.0</ele>
   </trkpt>
   <trkpt lat="27.6191650" lon="85.3777150">
    <ele>1532.0</ele>
   </trkpt>
   <trkpt lat="27.6191490" lon="85.3777180">
    <ele>1532.0</ele>
   </trkpt>
   <trkpt lat="27.6191320" lon="85.3777210">
    <ele>1532.0</ele>
   </trkpt>
   <trkpt lat="27.6191160" lon="85.3777250">
    <ele>1532.0</ele>
   </trkpt>
   <trkpt lat="27.6190680" lon="85.3777210">
    <ele>1532.0</ele>
   </trkpt>
   <trkpt lat="27.6190520" lon="85.3777160">
    <ele>1533.0</ele>
   </trkpt>
   <trkpt lat="27.6190350" lon="85.3777110">
    <ele>1533.0</ele>
   </trkpt>
   <trkpt lat="27.6190190" lon="85.3777060">
    <ele>1533.0</ele>
   </trkpt>
   <trkpt lat="27.6189710" lon="85.3776860">
    <ele>1533.0</ele>
   </trkpt>
   <trkpt lat="27.6189550" lon="85.3776790">
    <ele>1533.0</ele>
   </trkpt>
   <trkpt lat="27.6189390" lon="85.3776720">
    <ele>1533.0</ele>
   </trkpt>
   <trkpt lat="27.6189240" lon="85.3776650">
    <ele>1533.0</ele>
   </trkpt>
   <trkpt lat="27.6188790" lon="85.3776470">
    <ele>1533.0</ele>
   </trkpt>
   <trkpt lat="27.6188640" lon="85.3776410">
    <ele>1534.0</ele>
   </trkpt>
   <trkpt lat="27.6188480" lon="85.3776350">
    <ele>1534.0</ele>
   </trkpt>
   <trkpt lat="27.6188330" lon="85.3776290">
    <ele>1534.0</ele>
   </trkpt>
   <trkpt lat="27.6187850" lon="85.3776110">
    <ele>1534.0</ele>
   </trkpt>
   <trkpt lat="27.6187680" lon="85.3776050">
    <ele>1534.0</ele>
   </trkpt>
   <trkpt lat="27.6187510" lon="85.3775990">
    <ele>1534.0</ele>
   </trkpt>
   <trkpt lat="27.6187350" lon="85.3775930">
    <ele>1534.0</ele>
   </trkpt>
   <trkpt lat="27.6186860" lon="85.3775760">
    <ele>1534.0</ele>
   </trkpt>
   <trkpt lat="27.6186700" lon="85.3775680">
    <ele>1534.0</ele>
   </trkpt>
   <trkpt lat="27.6186540" lon="85.3775610">
    <ele>1534.0</ele>
   </trkpt>
   <trkpt lat="27.6186380" lon="85.3775540">
    <ele>1534.0</ele>
   </trkpt>
   <trkpt lat="27.6185970" lon="85.3775220">
    <ele>1534.0</ele>
   </trkpt>
   <trkpt lat="27.6185860" lon="85.3775090">
    <ele>1535.0</ele>
   </trkpt>
   <trkpt lat="27.6185750" lon="85.3774950">
    <ele>1535.0</ele>
   </trkpt>
   <trkpt lat="27.6185640" lon="85.3774820">
    <ele>1535.0</ele>
   </trkpt>
   <trkpt lat="27.6185380" lon="85.3774400">
    <ele>1535.0</ele>
   </trkpt>
   <trkpt lat="27.6185300" lon="85.3774270">
    <ele>1536.0</ele>
   </trkpt>
   <trkpt lat="27.6185220" lon="85.3774130">
    <ele>1536.0</ele>
   </trkpt>
   <trkpt lat="27.6185140" lon="85.3774000">
    <ele>1536.0</ele>
   </trkpt>
   <trkpt lat="27.6184900" lon="85.3773630">
    <ele>1536.0</ele>
   </trkpt>
   <trkpt lat="27.6184820" lon="85.3773500">
    <ele>1537.0</ele>
   </trkpt>
   <trkpt lat="27.6184740" lon="85.3773360">
    <ele>1537.0</ele>
   </trkpt>
   <trkpt lat="27.6184660" lon="85.3773230">
    <ele>1537.0</ele>
   </trkpt>
   <trkpt lat="27.6184420" lon="85.3772800">
    <ele>1537.0</ele>
   </trkpt>
   <trkpt lat="27.6184340" lon="85.3772650">
    <ele>1537.0</ele>
   </trkpt>
   <trkpt lat="27.6184260" lon="85.3772510">
    <ele>1537.0</ele>
   </trkpt>
   <trkpt lat="27.6184180" lon="85.3772360">
    <ele>1537.0</ele>
   </trkpt>
   <trkpt lat="27.6183970" lon="85.3771910">
    <ele>1537.0</ele>
   </trkpt>
   <trkpt lat="27.6183910" lon="85.3771760">
    <ele>1537.0</ele>
   </trkpt>
   <trkpt lat="27.6183860" lon="85.3771610">
    <ele>1537.0</ele>
   </trkpt>
   <trkpt lat="27.6183800" lon="85.3771460">
    <ele>1537.0</ele>
   </trkpt>
   <trkpt lat="27.6183620" lon="85.3771050">
    <ele>1537.0</ele>
   </trkpt>
   <trkpt lat="27.6183570" lon="85.3770960">
    <ele>1537.0</ele>
   </trkpt>
   <trkpt lat="27.6183510" lon="85.3770860">
    <ele>1537.0</ele>
   </trkpt>
   <trkpt lat="27.6183460" lon="85.3770770">
    <ele>1537.0</ele>
   </trkpt>
   <trkpt lat="27.6183300" lon="85.3770510">
    <ele>1537.0</ele>
   </trkpt>
   <trkpt lat="27.6183250" lon="85.3770430">
    <ele>1538.0</ele>
   </trkpt>
   <trkpt lat="27.6183190" lon="85.3770340">
    <ele>1538.0</ele>
   </trkpt>
   <trkpt lat="27.6183140" lon="85.3770250">
    <ele>1538.0</ele>
   </trkpt>
   <trkpt lat="27.6183000" lon="85.3770040">
    <ele>1538.0</ele>
   </trkpt>
   <trkpt lat="27.6182960" lon="85.3769960">
    <ele>1538.0</ele>
   </trkpt>
   <trkpt lat="27.6182910" lon="85.3769880">
    <ele>1537.0</ele>
   </trkpt>
   <trkpt lat="27.6182860" lon="85.3769800">
    <ele>1537.0</ele>
   </trkpt>
   <trkpt lat="27.6182680" lon="85.3769590">
    <ele>1537.0</ele>
   </trkpt>
   <trkpt lat="27.6182600" lon="85.3769520">
    <ele>1537.0</ele>
   </trkpt>
   <trkpt lat="27.6182530" lon="85.3769460">
    <ele>1537.0</ele>
   </trkpt>
   <trkpt lat="27.6182460" lon="85.3769400">
    <ele>1537.0</ele>
   </trkpt>
   <trkpt lat="27.6182200" lon="85.3769210">
    <ele>1537.0</ele>
   </trkpt>
   <trkpt lat="27.6182090" lon="85.3769170">
    <ele>1537.0</ele>
   </trkpt>
   <trkpt lat="27.6181840" lon="85.3769080">
    <ele>1537.0</ele>
   </trkpt>
   <trkpt lat="27.6181590" lon="85.3768990">
    <ele>1537.0</ele>
   </trkpt>
   <trkpt lat="27.6181340" lon="85.3768900">
    <ele>1537.0</ele>
   </trkpt>
   <trkpt lat="27.6181150" lon="85.3768890">
    <ele>1537.0</ele>
   </trkpt>
   <trkpt lat="27.6180960" lon="85.3768870">
    <ele>1536.0</ele>
   </trkpt>
   <trkpt lat="27.6180760" lon="85.3768850">
    <ele>1536.0</ele>
   </trkpt>
   <trkpt lat="27.6180170" lon="85.3768910">
    <ele>1536.0</ele>
   </trkpt>
   <trkpt lat="27.6179970" lon="85.3768950">
    <ele>1536.0</ele>
   </trkpt>
   <trkpt lat="27.6179770" lon="85.3768990">
    <ele>1536.0</ele>
   </trkpt>
   <trkpt lat="27.6179570" lon="85.3769030">
    <ele>1536.0</ele>
   </trkpt>
   <trkpt lat="27.6178970" lon="85.3769140">
    <ele>1536.0</ele>
   </trkpt>
   <trkpt lat="27.6178770" lon="85.3769150">
    <ele>1536.0</ele>
   </trkpt>
   <trkpt lat="27.6178570" lon="85.3769160">
    <ele>1536.0</ele>
   </trkpt>
   <trkpt lat="27.6178370" lon="85.3769170">
    <ele>1536.0</ele>
   </trkpt>
   <trkpt lat="27.6177780" lon="85.3769110">
    <ele>1536.0</ele>
   </trkpt>
   <trkpt lat="27.6177580" lon="85.3769070">
    <ele>1536.0</ele>
   </trkpt>
   <trkpt lat="27.6177390" lon="85.3769020">
    <ele>1535.0</ele>
   </trkpt>
   <trkpt lat="27.6177200" lon="85.3768980">
    <ele>1535.0</ele>
   </trkpt>
   <trkpt lat="27.6176630" lon="85.3768800">
    <ele>1535.0</ele>
   </trkpt>
   <trkpt lat="27.6176450" lon="85.3768740">
    <ele>1535.0</ele>
   </trkpt>
   <trkpt lat="27.6176280" lon="85.3768670">
    <ele>1535.0</ele>
   </trkpt>
   <trkpt lat="27.6176100" lon="85.3768610">
    <ele>1535.0</ele>
   </trkpt>
   <trkpt lat="27.6175590" lon="85.3768450">
    <ele>1535.0</ele>
   </trkpt>
   <trkpt lat="27.6175410" lon="85.3768390">
    <ele>1535.0</ele>
   </trkpt>
   <trkpt lat="27.6175100" lon="85.3768280">
    <ele>1535.0</ele>
   </trkpt>
   <trkpt lat="27.6174790" lon="85.3768170">
    <ele>1535.0</ele>
   </trkpt>
   <trkpt lat="27.6174530" lon="85.3768070">
    <ele>1535.0</ele>
   </trkpt>
   <trkpt lat="27.6174360" lon="85.3767980">
    <ele>1535.0</ele>
   </trkpt>
   <trkpt lat="27.6174190" lon="85.3767890">
    <ele>1535.0</ele>
   </trkpt>
   <trkpt lat="27.6174020" lon="85.3767810">
    <ele>1535.0</ele>
   </trkpt>
   <trkpt lat="27.6173580" lon="85.3767460">
    <ele>1535.0</ele>
   </trkpt>
   <trkpt lat="27.6173480" lon="85.3767320">
    <ele>1535.0</ele>
   </trkpt>
   <trkpt lat="27.6173370" lon="85.3767170">
    <ele>1535.0</ele>
   </trkpt>
   <trkpt lat="27.6173270" lon="85.3767030">
    <ele>1535.0</ele>
   </trkpt>
   <trkpt lat="27.6173040" lon="85.3766520">
    <ele>1535.0</ele>
   </trkpt>
   <trkpt lat="27.6172970" lon="85.3766300">
    <ele>1535.0</ele>
   </trkpt>
   <trkpt lat="27.6172860" lon="85.3765990">
    <ele>1535.0</ele>
   </trkpt>
   <trkpt lat="27.6172760" lon="85.3765680">
    <ele>1535.0</ele>
   </trkpt>
   <trkpt lat="27.6172650" lon="85.3765370">
    <ele>1535.0</ele>
   </trkpt>
   <trkpt lat="27.6172570" lon="85.3765150">
    <ele>1535.0</ele>
   </trkpt>
   <trkpt lat="27.6172490" lon="85.3764940">
    <ele>1535.0</ele>
   </trkpt>
   <trkpt lat="27.6172410" lon="85.3764720">
    <ele>1535.0</ele>
   </trkpt>
   <trkpt lat="27.6172180" lon="85.3764060">
    <ele>1535.0</ele>
   </trkpt>
   <trkpt lat="27.6172110" lon="85.3763860">
    <ele>1535.0</ele>
   </trkpt>
   <trkpt lat="27.6172030" lon="85.3763670">
    <ele>1535.0</ele>
   </trkpt>
   <trkpt lat="27.6171950" lon="85.3763470">
    <ele>1536.0</ele>
   </trkpt>
   <trkpt lat="27.6171680" lon="85.3763030">
    <ele>1536.0</ele>
   </trkpt>
   <trkpt lat="27.6171570" lon="85.3762940">
    <ele>1537.0</ele>
   </trkpt>
   <trkpt lat="27.6171460" lon="85.3762840">
    <ele>1537.0</ele>
   </trkpt>
   <trkpt lat="27.6171340" lon="85.3762750">
    <ele>1537.0</ele>
   </trkpt>
   <trkpt lat="27.6170950" lon="85.3762540">
    <ele>1537.0</ele>
   </trkpt>
   <trkpt lat="27.6170810" lon="85.3762470">
    <ele>1538.0</ele>
   </trkpt>
   <trkpt lat="27.6170660" lon="85.3762410">
    <ele>1538.0</ele>
   </trkpt>
   <trkpt lat="27.6170520" lon="85.3762350">
    <ele>1538.0</ele>
   </trkpt>
   <trkpt lat="27.6170110" lon="85.3762120">
    <ele>1538.0</ele>
   </trkpt>
   <trkpt lat="27.6170000" lon="85.3762020">
    <ele>1539.0</ele>
   </trkpt>
   <trkpt lat="27.6169890" lon="85.3761930">
    <ele>1539.0</ele>
   </trkpt>
   <trkpt lat="27.6169780" lon="85.3761840">
    <ele>1539.0</ele>
   </trkpt>
   <trkpt lat="27.6169550" lon="85.3761560">
    <ele>1539.0</ele>
   </trkpt>
   <trkpt lat="27.6169500" lon="85.3761480">
    <ele>1539.0</ele>
   </trkpt>
   <trkpt lat="27.6169450" lon="85.3761400">
    <ele>1539.0</ele>
   </trkpt>
   <trkpt lat="27.6169390" lon="85.3761310">
    <ele>1539.0</ele>
   </trkpt>
   <trkpt lat="27.6169280" lon="85.3761100">
    <ele>1539.0</ele>
   </trkpt>
   <trkpt lat="27.6169230" lon="85.3761020">
    <ele>1539.0</ele>
   </trkpt>
   <trkpt lat="27.6169170" lon="85.3760940">
    <ele>1538.0</ele>
   </trkpt>
   <trkpt lat="27.6169120" lon="85.3760850">
    <ele>1538.0</ele>
   </trkpt>
   <trkpt lat="27.6168880" lon="85.3760540">
    <ele>1537.0</ele>
   </trkpt>
   <trkpt lat="27.6168790" lon="85.3760410">
    <ele>1537.0</ele>
   </trkpt>
   <trkpt lat="27.6168700" lon="85.3760280">
    <ele>1536.0</ele>
   </trkpt>
   <trkpt lat="27.6168610" lon="85.3760160">
    <ele>1536.0</ele>
   </trkpt>
   <trkpt lat="27.6168360" lon="85.3759700">
    <ele>1535.0</ele>
   </trkpt>
   <trkpt lat="27.6168290" lon="85.3759540">
    <ele>1535.0</ele>
   </trkpt>
   <trkpt lat="27.6168220" lon="85.3759380">
    <ele>1534.0</ele>
   </trkpt>
   <trkpt lat="27.6168150" lon="85.3759220">
    <ele>1534.0</ele>
   </trkpt>
   <trkpt lat="27.6167980" lon="85.3758770">
    <ele>1534.0</ele>
   </trkpt>
   <trkpt lat="27.6167940" lon="85.3758640">
    <ele>1534.0</ele>
   </trkpt>
   <trkpt lat="27.6167900" lon="85.3758520">
    <ele>1534.0</ele>
   </trkpt>
   <trkpt lat="27.6167860" lon="85.3758400">
    <ele>1534.0</ele>
   </trkpt>
   <trkpt lat="27.6167760" lon="85.3758130">
    <ele>1534.0</ele>
   </trkpt>
   <trkpt lat="27.6167730" lon="85.3758040">
    <ele>1534.0</ele>
   </trkpt>
   <trkpt lat="27.6167700" lon="85.3757960">
    <ele>1533.0</ele>
   </trkpt>
   <trkpt lat="27.6167670" lon="85.3757870">
    <ele>1533.0</ele>
   </trkpt>
   <trkpt lat="27.6167560" lon="85.3757590">
    <ele>1533.0</ele>
   </trkpt>
   <trkpt lat="27.6167510" lon="85.3757490">
    <ele>1533.0</ele>
   </trkpt>
   <trkpt lat="27.6167470" lon="85.3757390">
    <ele>1532.0</ele>
   </trkpt>
   <trkpt lat="27.6167430" lon="85.3757300">
    <ele>1532.0</ele>
   </trkpt>
   <trkpt lat="27.6167290" lon="85.3757030">
    <ele>1532.0</ele>
   </trkpt>
   <trkpt lat="27.6167250" lon="85.3756930">
    <ele>1532.0</ele>
   </trkpt>
   <trkpt lat="27.6167200" lon="85.3756820">
    <ele>1531.0</ele>
   </trkpt>
   <trkpt lat="27.6167160" lon="85.3756720">
    <ele>1531.0</ele>
   </trkpt>
   <trkpt lat="27.6167030" lon="85.3756390">
    <ele>1531.0</ele>
   </trkpt>
   <trkpt lat="27.6166980" lon="85.3756260">
    <ele>1531.0</ele>
   </trkpt>
   <trkpt lat="27.6166940" lon="85.3756140">
    <ele>1530.0</ele>
   </trkpt>
   <trkpt lat="27.6166900" lon="85.3756010">
    <ele>1530.0</ele>
   </trkpt>
   <trkpt lat="27.6166770" lon="85.3755640">
    <ele>1530.0</ele>
   </trkpt>
   <trkpt lat="27.6166730" lon="85.3755520">
    <ele>1530.0</ele>
   </trkpt>
   <trkpt lat="27.6166680" lon="85.3755410">
    <ele>1530.0</ele>
   </trkpt>
   <trkpt lat="27.6166640" lon="85.3755290">
    <ele>1530.0</ele>
   </trkpt>
   <trkpt lat="27.6166530" lon="85.3754950">
    <ele>1530.0</ele>
   </trkpt>
   <trkpt lat="27.6166490" lon="85.3754840">
    <ele>1530.0</ele>
   </trkpt>
   <trkpt lat="27.6166460" lon="85.3754730">
    <ele>1529.0</ele>
   </trkpt>
   <trkpt lat="27.6166420" lon="85.3754620">
    <ele>1529.0</ele>
   </trkpt>
   <trkpt lat="27.6166290" lon="85.3754290">
    <ele>1529.0</ele>
   </trkpt>
   <trkpt lat="27.6166240" lon="85.3754180">
    <ele>1529.0</ele>
   </trkpt>
   <trkpt lat="27.6166200" lon="85.3754080">
    <ele>1529.0</ele>
   </trkpt>
   <trkpt lat="27.6166150" lon="85.3753970">
    <ele>1529.0</ele>
   </trkpt>
   <trkpt lat="27.6166010" lon="85.3753690">
    <ele>1529.0</ele>
   </trkpt>
   <trkpt lat="27.6165960" lon="85.3753610">
    <ele>1529.0</ele>
   </trkpt>
   <trkpt lat="27.6165910" lon="85.3753520">
    <ele>1529.0</ele>
   </trkpt>
   <trkpt lat="27.6165850" lon="85.3753430">
    <ele>1529.0</ele>
   </trkpt>
   <trkpt lat="27.6165700" lon="85.3753150">
    <ele>1529.0</ele>
   </trkpt>
   <trkpt lat="27.6165650" lon="85.3753060">
    <ele>1529.0</ele>
   </trkpt>
   <trkpt lat="27.6165600" lon="85.3752980">
    <ele>1529.0</ele>
   </trkpt>
   <trkpt lat="27.6165540" lon="85.3752890">
    <ele>1529.0</ele>
   </trkpt>
   <trkpt lat="27.6165390" lon="85.3752660">
    <ele>1529.0</ele>
   </trkpt>
   <trkpt lat="27.6165340" lon="85.3752600">
    <ele>1529.0</ele>
   </trkpt>
   <trkpt lat="27.6165280" lon="85.3752540">
    <ele>1529.0</ele>
   </trkpt>
   <trkpt lat="27.6165220" lon="85.3752480">
    <ele>1529.0</ele>
   </trkpt>
   <trkpt lat="27.6165040" lon="85.3752340">
    <ele>1529.0</ele>
   </trkpt>
   <trkpt lat="27.6164990" lon="85.3752290">
    <ele>1529.0</ele>
   </trkpt>
   <trkpt lat="27.6164930" lon="85.3752240">
    <ele>1528.0</ele>
   </trkpt>
   <trkpt lat="27.6164870" lon="85.3752200">
    <ele>1528.0</ele>
   </trkpt>
   <trkpt lat="27.6164660" lon="85.3752040">
    <ele>1528.0</ele>
   </trkpt>
   <trkpt lat="27.6164570" lon="85.3751970">
    <ele>1528.0</ele>
   </trkpt>
   <trkpt lat="27.6164490" lon="85.3751900">
    <ele>1527.0</ele>
   </trkpt>
   <trkpt lat="27.6164410" lon="85.3751830">
    <ele>1527.0</ele>
   </trkpt>
   <trkpt lat="27.6164140" lon="85.3751600">
    <ele>1527.0</ele>
   </trkpt>
   <trkpt lat="27.6164040" lon="85.3751530">
    <ele>1527.0</ele>
   </trkpt>
   <trkpt lat="27.6163950" lon="85.3751460">
    <ele>1527.0</ele>
   </trkpt>
   <trkpt lat="27.6163860" lon="85.3751380">
    <ele>1527.0</ele>
   </trkpt>
   <trkpt lat="27.6163620" lon="85.3751180">
    <ele>1527.0</ele>
   </trkpt>
   <trkpt lat="27.6163550" lon="85.3751100">
    <ele>1527.0</ele>
   </trkpt>
   <trkpt lat="27.6163470" lon="85.3751020">
    <ele>1526.0</ele>
   </trkpt>
   <trkpt lat="27.6163400" lon="85.3750950">
    <ele>1526.0</ele>
   </trkpt>
   <trkpt lat="27.6163210" lon="85.3750710">
    <ele>1526.0</ele>
   </trkpt>
   <trkpt lat="27.6163160" lon="85.3750620">
    <ele>1526.0</ele>
   </trkpt>
   <trkpt lat="27.6163110" lon="85.3750540">
    <ele>1525.0</ele>
   </trkpt>
   <trkpt lat="27.6163050" lon="85.3750460">
    <ele>1525.0</ele>
   </trkpt>
   <trkpt lat="27.6162910" lon="85.3750190">
    <ele>1525.0</ele>
   </trkpt>
   <trkpt lat="27.6162850" lon="85.3750080">
    <ele>1525.0</ele>
   </trkpt>
   <trkpt lat="27.6162800" lon="85.3749970">
    <ele>1524.0</ele>
   </trkpt>
   <trkpt lat="27.6162750" lon="85.3749860">
    <ele>1524.0</ele>
   </trkpt>
   <trkpt lat="27.6162600" lon="85.3749540">
    <ele>1524.0</ele>
   </trkpt>
   <trkpt lat="27.6162560" lon="85.3749440">
    <ele>1524.0</ele>
   </trkpt>
   <trkpt lat="27.6162510" lon="85.3749340">
    <ele>1524.0</ele>
   </trkpt>
   <trkpt lat="27.6162460" lon="85.3749230">
    <ele>1524.0</ele>
   </trkpt>
   <trkpt lat="27.6162280" lon="85.3748920">
    <ele>1524.0</ele>
   </trkpt>
   <trkpt lat="27.6162200" lon="85.3748820">
    <ele>1524.0</ele>
   </trkpt>
   <trkpt lat="27.6162130" lon="85.3748720">
    <ele>1523.0</ele>
   </trkpt>
   <trkpt lat="27.6162060" lon="85.3748630">
    <ele>1523.0</ele>
   </trkpt>
   <trkpt lat="27.6161860" lon="85.3748380">
    <ele>1523.0</ele>
   </trkpt>
   <trkpt lat="27.6161820" lon="85.3748310">
    <ele>1523.0</ele>
   </trkpt>
   <trkpt lat="27.6161780" lon="85.3748230">
    <ele>1522.0</ele>
   </trkpt>
   <trkpt lat="27.6161750" lon="85.3748160">
    <ele>1522.0</ele>
   </trkpt>
   <trkpt lat="27.6161670" lon="85.3747960">
    <ele>1522.0</ele>
   </trkpt>
   <trkpt lat="27.6161620" lon="85.3747900">
    <ele>1522.0</ele>
   </trkpt>
   <trkpt lat="27.6161580" lon="85.3747850">
    <ele>1522.0</ele>
   </trkpt>
   <trkpt lat="27.6161540" lon="85.3747790">
    <ele>1522.0</ele>
   </trkpt>
   <trkpt lat="27.6161250" lon="85.3747650">
    <ele>1522.0</ele>
   </trkpt>
   <trkpt lat="27.6161010" lon="85.3747640">
    <ele>1522.0</ele>
   </trkpt>
   <trkpt lat="27.6160770" lon="85.3747640">
    <ele>1522.0</ele>
   </trkpt>
   <trkpt lat="27.6160530" lon="85.3747630">
    <ele>1522.0</ele>
   </trkpt>
   <trkpt lat="27.6160290" lon="85.3747620">
    <ele>1522.0</ele>
   </trkpt>
   <trkpt lat="27.6160110" lon="85.3747650">
    <ele>1522.0</ele>
   </trkpt>
   <trkpt lat="27.6159930" lon="85.3747690">
    <ele>1522.0</ele>
   </trkpt>
   <trkpt lat="27.6159750" lon="85.3747730">
    <ele>1522.0</ele>
   </trkpt>
   <trkpt lat="27.6159240" lon="85.3747790">
    <ele>1522.0</ele>
   </trkpt>
   <trkpt lat="27.6159090" lon="85.3747760">
    <ele>1523.0</ele>
   </trkpt>
   <trkpt lat="27.6158940" lon="85.3747730">
    <ele>1523.0</ele>
   </trkpt>
   <trkpt lat="27.6158800" lon="85.3747710">
    <ele>1523.0</ele>
   </trkpt>
   <trkpt lat="27.6158450" lon="85.3747550">
    <ele>1523.0</ele>
   </trkpt>
   <trkpt lat="27.6158370" lon="85.3747480">
    <ele>1524.0</ele>
   </trkpt>
   <trkpt lat="27.6158290" lon="85.3747410">
    <ele>1524.0</ele>
   </trkpt>
   <trkpt lat="27.6158210" lon="85.3747340">
    <ele>1524.0</ele>
   </trkpt>
   <trkpt lat="27.6158060" lon="85.3747080">
    <ele>1524.0</ele>
   </trkpt>
   <trkpt lat="27.6158030" lon="85.3746990">
    <ele>1524.0</ele>
   </trkpt>
   <trkpt lat="27.6158010" lon="85.3746890">
    <ele>1524.0</ele>
   </trkpt>
   <trkpt lat="27.6157990" lon="85.3746800">
    <ele>1524.0</ele>
   </trkpt>
   <trkpt lat="27.6157980" lon="85.3746500">
    <ele>1524.0</ele>
   </trkpt>
   <trkpt lat="27.6157970" lon="85.3746410">
    <ele>1525.0</ele>
   </trkpt>
   <trkpt lat="27.6157960" lon="85.3746310">
    <ele>1525.0</ele>
   </trkpt>
   <trkpt lat="27.6157950" lon="85.3746220">
    <ele>1525.0</ele>
   </trkpt>
   <trkpt lat="27.6157880" lon="85.3745950">
    <ele>1525.0</ele>
   </trkpt>
   <trkpt lat="27.6157860" lon="85.3745850">
    <ele>1525.0</ele>
   </trkpt>
   <trkpt lat="27.6157830" lon="85.3745740">
    <ele>1525.0</ele>
   </trkpt>
   <trkpt lat="27.6157810" lon="85.3745640">
    <ele>1525.0</ele>
   </trkpt>
   <trkpt lat="27.6157710" lon="85.3745270">
    <ele>1525.0</ele>
   </trkpt>
   <trkpt lat="27.6157680" lon="85.3745150">
    <ele>1526.0</ele>
   </trkpt>
   <trkpt lat="27.6157650" lon="85.3745020">
    <ele>1526.0</ele>
   </trkpt>
   <trkpt lat="27.6157620" lon="85.3744890">
    <ele>1526.0</ele>
   </trkpt>
   <trkpt lat="27.6157530" lon="85.3744520">
    <ele>1526.0</ele>
   </trkpt>
   <trkpt lat="27.6157510" lon="85.3744410">
    <ele>1526.0</ele>
   </trkpt>
   <trkpt lat="27.6157490" lon="85.3744300">
    <ele>1526.0</ele>
   </trkpt>
   <trkpt lat="27.6157460" lon="85.3744190">
    <ele>1526.0</ele>
   </trkpt>
   <trkpt lat="27.6157400" lon="85.3743870">
    <ele>1526.0</ele>
   </trkpt>
   <trkpt lat="27.6157380" lon="85.3743770">
    <ele>1526.0</ele>
   </trkpt>
   <trkpt lat="27.6157360" lon="85.3743670">
    <ele>1526.0</ele>
   </trkpt>
   <trkpt lat="27.6157340" lon="85.3743570">
    <ele>1526.0</ele>
   </trkpt>
   <trkpt lat="27.6157280" lon="85.3743300">
    <ele>1526.0</ele>
   </trkpt>
   <trkpt lat="27.6157260" lon="85.3743220">
    <ele>1527.0</ele>
   </trkpt>
   <trkpt lat="27.6157250" lon="85.3743130">
    <ele>1527.0</ele>
   </trkpt>
   <trkpt lat="27.6157230" lon="85.3743040">
    <ele>1527.0</ele>
   </trkpt>
   <trkpt lat="27.6157160" lon="85.3742780">
    <ele>1527.0</ele>
   </trkpt>
   <trkpt lat="27.6157130" lon="85.3742680">
    <ele>1527.0</ele>
   </trkpt>
   <trkpt lat="27.6157110" lon="85.3742590">
    <ele>1527.0</ele>
   </trkpt>
   <trkpt lat="27.6157080" lon="85.3742500">
    <ele>1527.0</ele>
   </trkpt>
   <trkpt lat="27.6157010" lon="85.3742190">
    <ele>1527.0</ele>
   </trkpt>
   <trkpt lat="27.6156980" lon="85.3742070">
    <ele>1527.0</ele>
   </trkpt>
   <trkpt lat="27.6156950" lon="85.3741960">
    <ele>1527.0</ele>
   </trkpt>
   <trkpt lat="27.6156930" lon="85.3741840">
    <ele>1527.0</ele>
   </trkpt>
   <trkpt lat="27.6156850" lon="85.3741500">
    <ele>1527.0</ele>
   </trkpt>
   <trkpt lat="27.6156810" lon="85.3741390">
    <ele>1527.0</ele>
   </trkpt>
   <trkpt lat="27.6156780" lon="85.3741280">
    <ele>1527.0</ele>
   </trkpt>
   <trkpt lat="27.6156750" lon="85.3741170">
    <ele>1527.0</ele>
   </trkpt>
   <trkpt lat="27.6156610" lon="85.3740820">
    <ele>1527.0</ele>
   </trkpt>
   <trkpt lat="27.6156570" lon="85.3740710">
    <ele>1527.0</ele>
   </trkpt>
   <trkpt lat="27.6156530" lon="85.3740600">
    <ele>1527.0</ele>
   </trkpt>
   <trkpt lat="27.6156500" lon="85.3740500">
    <ele>1527.0</ele>
   </trkpt>
   <trkpt lat="27.6156430" lon="85.3740180">
    <ele>1527.0</ele>
   </trkpt>
   <trkpt lat="27.6156410" lon="85.3740080">
    <ele>1528.0</ele>
   </trkpt>
   <trkpt lat="27.6156390" lon="85.3739980">
    <ele>1528.0</ele>
   </trkpt>
   <trkpt lat="27.6156370" lon="85.3739870">
    <ele>1528.0</ele>
   </trkpt>
   <trkpt lat="27.6156280" lon="85.3739540">
    <ele>1528.0</ele>
   </trkpt>
   <trkpt lat="27.6156240" lon="85.3739430">
    <ele>1529.0</ele>
   </trkpt>
   <trkpt lat="27.6156190" lon="85.3739320">
    <ele>1529.0</ele>
   </trkpt>
   <trkpt lat="27.6156150" lon="85.3739220">
    <ele>1529.0</ele>
   </trkpt>
   <trkpt lat="27.6156030" lon="85.3738920">
    <ele>1529.0</ele>
   </trkpt>
   <trkpt lat="27.6156000" lon="85.3738840">
    <ele>1529.0</ele>
   </trkpt>
   <trkpt lat="27.6155970" lon="85.3738750">
    <ele>1529.0</ele>
   </trkpt>
   <trkpt lat="27.6155950" lon="85.3738670">
    <ele>1529.0</ele>
   </trkpt>
   <trkpt lat="27.6155870" lon="85.3738460">
    <ele>1529.0</ele>
   </trkpt>
   <trkpt lat="27.6155850" lon="85.3738380">
    <ele>1529.0</ele>
   </trkpt>
   <trkpt lat="27.6155820" lon="85.3738300">
    <ele>1529.0</ele>
   </trkpt>
   <trkpt lat="27.6155790" lon="85.3738220">
    <ele>1529.0</ele>
   </trkpt>
   <trkpt lat="27.6155650" lon="85.3737930">
    <ele>1529.0</ele>
   </trkpt>
   <trkpt lat="27.6155580" lon="85.3737830">
    <ele>1530.0</ele>
   </trkpt>
   <trkpt lat="27.6155520" lon="85.3737740">
    <ele>1530.0</ele>
   </trkpt>
   <trkpt lat="27.6155460" lon="85.3737650">
    <ele>1530.0</ele>
   </trkpt>
   <trkpt lat="27.6155270" lon="85.3737370">
    <ele>1530.0</ele>
   </trkpt>
   <trkpt lat="27.6155200" lon="85.3737280">
    <ele>1530.0</ele>
   </trkpt>
   <trkpt lat="27.6155130" lon="85.3737190">
    <ele>1530.0</ele>
   </trkpt>
   <trkpt lat="27.6155060" lon="85.3737100">
    <ele>1530.0</ele>
   </trkpt>
   <trkpt lat="27.6154860" lon="85.3736870">
    <ele>1530.0</ele>
   </trkpt>
   <trkpt lat="27.6154800" lon="85.3736810">
    <ele>1530.0</ele>
   </trkpt>
   <trkpt lat="27.6154750" lon="85.3736740">
    <ele>1530.0</ele>
   </trkpt>
   <trkpt lat="27.6154690" lon="85.3736680">
    <ele>1530.0</ele>
   </trkpt>
   <trkpt lat="27.6154500" lon="85.3736530">
    <ele>1530.0</ele>
   </trkpt>
   <trkpt lat="27.6154420" lon="85.3736480">
    <ele>1530.0</ele>
   </trkpt>
   <trkpt lat="27.6154340" lon="85.3736430">
    <ele>1530.0</ele>
   </trkpt>
   <trkpt lat="27.6154270" lon="85.3736380">
    <ele>1530.0</ele>
   </trkpt>
   <trkpt lat="27.6154040" lon="85.3736220">
    <ele>1530.0</ele>
   </trkpt>
   <trkpt lat="27.6153970" lon="85.3736150">
    <ele>1530.0</ele>
   </trkpt>
   <trkpt lat="27.6153900" lon="85.3736090">
    <ele>1530.0</ele>
   </trkpt>
   <trkpt lat="27.6153830" lon="85.3736030">
    <ele>1530.0</ele>
   </trkpt>
   <trkpt lat="27.6153620" lon="85.3735800">
    <ele>1530.0</ele>
   </trkpt>
   <trkpt lat="27.6153540" lon="85.3735710">
    <ele>1531.0</ele>
   </trkpt>
   <trkpt lat="27.6153470" lon="85.3735630">
    <ele>1531.0</ele>
   </trkpt>
   <trkpt lat="27.6153400" lon="85.3735550">
    <ele>1531.0</ele>
   </trkpt>
   <trkpt lat="27.6153180" lon="85.3735290">
    <ele>1531.0</ele>
   </trkpt>
   <trkpt lat="27.6153120" lon="85.3735220">
    <ele>1531.0</ele>
   </trkpt>
   <trkpt lat="27.6153050" lon="85.3735140">
    <ele>1531.0</ele>
   </trkpt>
   <trkpt lat="27.6152980" lon="85.3735060">
    <ele>1531.0</ele>
   </trkpt>
   <trkpt lat="27.6152780" lon="85.3734850">
    <ele>1531.0</ele>
   </trkpt>
   <trkpt lat="27.6152710" lon="85.3734790">
    <ele>1531.0</ele>
   </trkpt>
   <trkpt lat="27.6152650" lon="85.3734730">
    <ele>1531.0</ele>
   </trkpt>
   <trkpt lat="27.6152580" lon="85.3734670">
    <ele>1531.0</ele>
   </trkpt>
   <trkpt lat="27.6152360" lon="85.3734470">
    <ele>1531.0</ele>
   </trkpt>
   <trkpt lat="27.6152280" lon="85.3734390">
    <ele>1531.0</ele>
   </trkpt>
   <trkpt lat="27.6152200" lon="85.3734310">
    <ele>1531.0</ele>
   </trkpt>
   <trkpt lat="27.6152130" lon="85.3734230">
    <ele>1531.0</ele>
   </trkpt>
   <trkpt lat="27.6151890" lon="85.3733990">
    <ele>1531.0</ele>
   </trkpt>
   <trkpt lat="27.6151820" lon="85.3733920">
    <ele>1532.0</ele>
   </trkpt>
   <trkpt lat="27.6151740" lon="85.3733840">
    <ele>1532.0</ele>
   </trkpt>
   <trkpt lat="27.6151660" lon="85.3733770">
    <ele>1532.0</ele>
   </trkpt>
   <trkpt lat="27.6151450" lon="85.3733530">
    <ele>1532.0</ele>
   </trkpt>
   <trkpt lat="27.6151390" lon="85.3733460">
    <ele>1532.0</ele>
   </trkpt>
   <trkpt lat="27.6151330" lon="85.3733380">
    <ele>1532.0</ele>
   </trkpt>
   <trkpt lat="27.6151260" lon="85.3733300">
    <ele>1532.0</ele>
   </trkpt>
   <trkpt lat="27.6151080" lon="85.3733110">
    <ele>1532.0</ele>
   </trkpt>
   <trkpt lat="27.6151030" lon="85.3733060">
    <ele>1533.0</ele>
   </trkpt>
   <trkpt lat="27.6150970" lon="85.3733010">
    <ele>1533.0</ele>
   </trkpt>
   <trkpt lat="27.6150920" lon="85.3732960">
    <ele>1533.0</ele>
   </trkpt>
   <trkpt lat="27.6150730" lon="85.3732840">
    <ele>1533.0</ele>
   </trkpt>
   <trkpt lat="27.6150660" lon="85.3732800">
    <ele>1534.0</ele>
   </trkpt>
   <trkpt lat="27.6150590" lon="85.3732750">
    <ele>1534.0</ele>
   </trkpt>
   <trkpt lat="27.6150520" lon="85.3732710">
    <ele>1534.0</ele>
   </trkpt>
   <trkpt lat="27.6150310" lon="85.3732560">
    <ele>1534.0</ele>
   </trkpt>
   <trkpt lat="27.6150240" lon="85.3732500">
    <ele>1535.0</ele>
   </trkpt>
   <trkpt lat="27.6150170" lon="85.3732440">
    <ele>1535.0</ele>
   </trkpt>
   <trkpt lat="27.6150100" lon="85.3732390">
    <ele>1535.0</ele>
   </trkpt>
   <trkpt lat="27.6149880" lon="85.3732220">
    <ele>1535.0</ele>
   </trkpt>
   <trkpt lat="27.6149820" lon="85.3732160">
    <ele>1536.0</ele>
   </trkpt>
   <trkpt lat="27.6149760" lon="85.3732110">
    <ele>1536.0</ele>
   </trkpt>
   <trkpt lat="27.6149690" lon="85.3732060">
    <ele>1536.0</ele>
   </trkpt>
   <trkpt lat="27.6149500" lon="85.3731890">
    <ele>1536.0</ele>
   </trkpt>
   <trkpt lat="27.6149440" lon="85.3731820">
    <ele>1537.0</ele>
   </trkpt>
   <trkpt lat="27.6149380" lon="85.3731760">
    <ele>1537.0</ele>
   </trkpt>
   <trkpt lat="27.6149320" lon="85.3731700">
    <ele>1537.0</ele>
   </trkpt>
   <trkpt lat="27.6149140" lon="85.3731520">
    <ele>1537.0</ele>
   </trkpt>
   <trkpt lat="27.6149080" lon="85.3731470">
    <ele>1537.0</ele>
   </trkpt>
   <trkpt lat="27.6149010" lon="85.3731430">
    <ele>1537.0</ele>
   </trkpt>
   <trkpt lat="27.6148950" lon="85.3731380">
    <ele>1537.0</ele>
   </trkpt>
   <trkpt lat="27.6148760" lon="85.3731230">
    <ele>1537.0</ele>
   </trkpt>
   <trkpt lat="27.6148700" lon="85.3731160">
    <ele>1538.0</ele>
   </trkpt>
   <trkpt lat="27.6148640" lon="85.3731090">
    <ele>1538.0</ele>
   </trkpt>
   <trkpt lat="27.6148580" lon="85.3731030">
    <ele>1538.0</ele>
   </trkpt>
   <trkpt lat="27.6148390" lon="85.3730850">
    <ele>1538.0</ele>
   </trkpt>
   <trkpt lat="27.6148320" lon="85.3730790">
    <ele>1538.0</ele>
   </trkpt>
   <trkpt lat="27.6148250" lon="85.3730740">
    <ele>1538.0</ele>
   </trkpt>
   <trkpt lat="27.6148180" lon="85.3730690">
    <ele>1538.0</ele>
   </trkpt>
   <trkpt lat="27.6147960" lon="85.3730550">
    <ele>1538.0</ele>
   </trkpt>
   <trkpt lat="27.6147890" lon="85.3730500">
    <ele>1539.0</ele>
   </trkpt>
   <trkpt lat="27.6147830" lon="85.3730460">
    <ele>1538.0</ele>
   </trkpt>
   <trkpt lat="27.6147760" lon="85.3730420">
    <ele>1538.0</ele>
   </trkpt>
   <trkpt lat="27.6147570" lon="85.3730320">
    <ele>1538.0</ele>
   </trkpt>
   <trkpt lat="27.6147530" lon="85.3730290">
    <ele>1538.0</ele>
   </trkpt>
   <trkpt lat="27.6147500" lon="85.3730250">
    <ele>1538.0</ele>
   </trkpt>
   <trkpt lat="27.6147460" lon="85.3730210">
    <ele>1538.0</ele>
   </trkpt>
   <trkpt lat="27.6147370" lon="85.3730130">
    <ele>1538.0</ele>
   </trkpt>
   <trkpt lat="27.6147310" lon="85.3730110">
    <ele>1539.0</ele>
   </trkpt>
   <trkpt lat="27.6147260" lon="85.3730090">
    <ele>1538.0</ele>
   </trkpt>
   <trkpt lat="27.6147200" lon="85.3730070">
    <ele>1538.0</ele>
   </trkpt>
   <trkpt lat="27.6146980" lon="85.3730020">
    <ele>1538.0</ele>
   </trkpt>
   <trkpt lat="27.6146900" lon="85.3730000">
    <ele>1538.0</ele>
   </trkpt>
   <trkpt lat="27.6146820" lon="85.3729980">
    <ele>1538.0</ele>
   </trkpt>
   <trkpt lat="27.6146740" lon="85.3729960">
    <ele>1538.0</ele>
   </trkpt>
   <trkpt lat="27.6146470" lon="85.3729920">
    <ele>1538.0</ele>
   </trkpt>
   <trkpt lat="27.6146380" lon="85.3729920">
    <ele>1538.0</ele>
   </trkpt>
   <trkpt lat="27.6146280" lon="85.3729910">
    <ele>1538.0</ele>
   </trkpt>
   <trkpt lat="27.6146190" lon="85.3729910">
    <ele>1538.0</ele>
   </trkpt>
   <trkpt lat="27.6145900" lon="85.3729900">
    <ele>1538.0</ele>
   </trkpt>
   <trkpt lat="27.6145790" lon="85.3729860">
    <ele>1538.0</ele>
   </trkpt>
   <trkpt lat="27.6145690" lon="85.3729830">
    <ele>1538.0</ele>
   </trkpt>
   <trkpt lat="27.6145580" lon="85.3729800">
    <ele>1538.0</ele>
   </trkpt>
   <trkpt lat="27.6145270" lon="85.3729650">
    <ele>1538.0</ele>
   </trkpt>
   <trkpt lat="27.6145160" lon="85.3729590">
    <ele>1538.0</ele>
   </trkpt>
   <trkpt lat="27.6145050" lon="85.3729520">
    <ele>1538.0</ele>
   </trkpt>
   <trkpt lat="27.6144940" lon="85.3729460">
    <ele>1538.0</ele>
   </trkpt>
   <trkpt lat="27.6144610" lon="85.3729220">
    <ele>1538.0</ele>
   </trkpt>
   <trkpt lat="27.6144490" lon="85.3729130">
    <ele>1538.0</ele>
   </trkpt>
   <trkpt lat="27.6144380" lon="85.3729040">
    <ele>1538.0</ele>
   </trkpt>
   <trkpt lat="27.6144260" lon="85.3728950">
    <ele>1538.0</ele>
   </trkpt>
   <trkpt lat="27.6143920" lon="85.3728640">
    <ele>1538.0</ele>
   </trkpt>
   <trkpt lat="27.6143810" lon="85.3728520">
    <ele>1538.0</ele>
   </trkpt>
   <trkpt lat="27.6143710" lon="85.3728400">
    <ele>1538.0</ele>
   </trkpt>
   <trkpt lat="27.6143600" lon="85.3728280">
    <ele>1538.0</ele>
   </trkpt>
   <trkpt lat="27.6143290" lon="85.3727930">
    <ele>1538.0</ele>
   </trkpt>
   <trkpt lat="27.6143190" lon="85.3727840">
    <ele>1538.0</ele>
   </trkpt>
   <trkpt lat="27.6143080" lon="85.3727750">
    <ele>1538.0</ele>
   </trkpt>
   <trkpt lat="27.6142980" lon="85.3727660">
    <ele>1538.0</ele>
   </trkpt>
   <trkpt lat="27.6142650" lon="85.3727440">
    <ele>1538.0</ele>
   </trkpt>
   <trkpt lat="27.6142520" lon="85.3727370">
    <ele>1538.0</ele>
   </trkpt>
   <trkpt lat="27.6142390" lon="85.3727300">
    <ele>1538.0</ele>
   </trkpt>
   <trkpt lat="27.6142250" lon="85.3727230">
    <ele>1538.0</ele>
   </trkpt>
   <trkpt lat="27.6141820" lon="85.3727020">
    <ele>1538.0</ele>
   </trkpt>
   <trkpt lat="27.6141660" lon="85.3726970">
    <ele>1538.0</ele>
   </trkpt>
   <trkpt lat="27.6141500" lon="85.3726920">
    <ele>1538.0</ele>
   </trkpt>
   <trkpt lat="27.6141340" lon="85.3726870">
    <ele>1538.0</ele>
   </trkpt>
   <trkpt lat="27.6140880" lon="85.3726770">
    <ele>1538.0</ele>
   </trkpt>
   <trkpt lat="27.6140730" lon="85.3726750">
    <ele>1538.0</ele>
   </trkpt>
   <trkpt lat="27.6140580" lon="85.3726730">
    <ele>1538.0</ele>
   </trkpt>
   <trkpt lat="27.6140430" lon="85.3726710">
    <ele>1538.0</ele>
   </trkpt>
   <trkpt lat="27.6139960" lon="85.3726700">
    <ele>1538.0</ele>
   </trkpt>
   <trkpt lat="27.6139810" lon="85.3726690">
    <ele>1538.0</ele>
   </trkpt>
   <trkpt lat="27.6139650" lon="85.3726680">
    <ele>1538.0</ele>
   </trkpt>
   <trkpt lat="27.6139500" lon="85.3726670">
    <ele>1538.0</ele>
   </trkpt>
   <trkpt lat="27.6139030" lon="85.3726590">
    <ele>1538.0</ele>
   </trkpt>
   <trkpt lat="27.6138870" lon="85.3726550">
    <ele>1539.0</ele>
   </trkpt>
   <trkpt lat="27.6138710" lon="85.3726510">
    <ele>1539.0</ele>
   </trkpt>
   <trkpt lat="27.6138550" lon="85.3726460">
    <ele>1539.0</ele>
   </trkpt>
   <trkpt lat="27.6138090" lon="85.3726360">
    <ele>1539.0</ele>
   </trkpt>
   <trkpt lat="27.6137930" lon="85.3726310">
    <ele>1539.0</ele>
   </trkpt>
   <trkpt lat="27.6137780" lon="85.3726260">
    <ele>1539.0</ele>
   </trkpt>
   <trkpt lat="27.6137630" lon="85.3726210">
    <ele>1539.0</ele>
   </trkpt>
   <trkpt lat="27.6137170" lon="85.3726050">
    <ele>1539.0</ele>
   </trkpt>
   <trkpt lat="27.6137020" lon="85.3725990">
    <ele>1540.0</ele>
   </trkpt>
   <trkpt lat="27.6136880" lon="85.3725930">
    <ele>1540.0</ele>
   </trkpt>
   <trkpt lat="27.6136730" lon="85.3725870">
    <ele>1540.0</ele>
   </trkpt>
   <trkpt lat="27.6136300" lon="85.3725680">
    <ele>1540.0</ele>
   </trkpt>
   <trkpt lat="27.6136150" lon="85.3725620">
    <ele>1540.0</ele>
   </trkpt>
   <trkpt lat="27.6136000" lon="85.3725550">
    <ele>1540.0</ele>
   </trkpt>
   <trkpt lat="27.6135850" lon="85.3725480">
    <ele>1540.0</ele>
   </trkpt>
   <trkpt lat="27.6135380" lon="85.3725240">
    <ele>1540.0</ele>
   </trkpt>
   <trkpt lat="27.6135220" lon="85.3725160">
    <ele>1540.0</ele>
   </trkpt>
   <trkpt lat="27.6135070" lon="85.3725080">
    <ele>1540.0</ele>
   </trkpt>
   <trkpt lat="27.6134920" lon="85.3725010">
    <ele>1540.0</ele>
   </trkpt>
   <trkpt lat="27.6134510" lon="85.3724800">
    <ele>1540.0</ele>
   </trkpt>
   <trkpt lat="27.6134370" lon="85.3724720">
    <ele>1540.0</ele>
   </trkpt>
   <trkpt lat="27.6134220" lon="85.3724650">
    <ele>1540.0</ele>
   </trkpt>
   <trkpt lat="27.6134080" lon="85.3724580">
    <ele>1540.0</ele>
   </trkpt>
   <trkpt lat="27.6133650" lon="85.3724300">
    <ele>1540.0</ele>
   </trkpt>
   <trkpt lat="27.6133510" lon="85.3724200">
    <ele>1540.0</ele>
   </trkpt>
   <trkpt lat="27.6133370" lon="85.3724100">
    <ele>1540.0</ele>
   </trkpt>
   <trkpt lat="27.6133240" lon="85.3723990">
    <ele>1540.0</ele>
   </trkpt>
   <trkpt lat="27.6132860" lon="85.3723670">
    <ele>1540.0</ele>
   </trkpt>
   <trkpt lat="27.6132730" lon="85.3723570">
    <ele>1540.0</ele>
   </trkpt>
   <trkpt lat="27.6132620" lon="85.3723470">
    <ele>1539.0</ele>
   </trkpt>
   <trkpt lat="27.6132500" lon="85.3723370">
    <ele>1539.0</ele>
   </trkpt>
   <trkpt lat="27.6132140" lon="85.3723060">
    <ele>1539.0</ele>
   </trkpt>
   <trkpt lat="27.6132020" lon="85.3722960">
    <ele>1539.0</ele>
   </trkpt>
   <trkpt lat="27.6131900" lon="85.3722860">
    <ele>1538.0</ele>
   </trkpt>
   <trkpt lat="27.6131790" lon="85.3722750">
    <ele>1538.0</ele>
   </trkpt>
   <trkpt lat="27.6131420" lon="85.3722480">
    <ele>1538.0</ele>
   </trkpt>
   <trkpt lat="27.6131300" lon="85.3722400">
    <ele>1538.0</ele>
   </trkpt>
   <trkpt lat="27.6131180" lon="85.3722310">
    <ele>1537.0</ele>
   </trkpt>
   <trkpt lat="27.6131070" lon="85.3722230">
    <ele>1537.0</ele>
   </trkpt>
   <trkpt lat="27.6130730" lon="85.3721990">
    <ele>1537.0</ele>
   </trkpt>
   <trkpt lat="27.6130620" lon="85.3721910">
    <ele>1537.0</ele>
   </trkpt>
   <trkpt lat="27.6130500" lon="85.3721830">
    <ele>1536.0</ele>
   </trkpt>
   <trkpt lat="27.6130390" lon="85.3721750">
    <ele>1536.0</ele>
   </trkpt>
   <trkpt lat="27.6130030" lon="85.3721480">
    <ele>1536.0</ele>
   </trkpt>
   <trkpt lat="27.6129910" lon="85.3721380">
    <ele>1536.0</ele>
   </trkpt>
   <trkpt lat="27.6129790" lon="85.3721280">
    <ele>1535.0</ele>
   </trkpt>
   <trkpt lat="27.6129670" lon="85.3721180">
    <ele>1535.0</ele>
   </trkpt>
   <trkpt lat="27.6129280" lon="85.3720850">
    <ele>1535.0</ele>
   </trkpt>
   <trkpt lat="27.6129150" lon="85.3720740">
    <ele>1535.0</ele>
   </trkpt>
   <trkpt lat="27.6129020" lon="85.3720640">
    <ele>1534.0</ele>
   </trkpt>
   <trkpt lat="27.6128890" lon="85.3720530">
    <ele>1534.0</ele>
   </trkpt>
   <trkpt lat="27.6128520" lon="85.3720260">
    <ele>1534.0</ele>
   </trkpt>
   <trkpt lat="27.6128390" lon="85.3720190">
    <ele>1534.0</ele>
   </trkpt>
   <trkpt lat="27.6128260" lon="85.3720110">
    <ele>1533.0</ele>
   </trkpt>
   <trkpt lat="27.6128140" lon="85.3720030">
    <ele>1533.0</ele>
   </trkpt>
   <trkpt lat="27.6127720" lon="85.3719830">
    <ele>1533.0</ele>
   </trkpt>
   <trkpt lat="27.6127580" lon="85.3719770">
    <ele>1533.0</ele>
   </trkpt>
   <trkpt lat="27.6127440" lon="85.3719710">
    <ele>1532.0</ele>
   </trkpt>
   <trkpt lat="27.6127290" lon="85.3719650">
    <ele>1532.0</ele>
   </trkpt>
   <trkpt lat="27.6126860" lon="85.3719460">
    <ele>1532.0</ele>
   </trkpt>
   <trkpt lat="27.6126720" lon="85.3719400">
    <ele>1532.0</ele>
   </trkpt>
   <trkpt lat="27.6126580" lon="85.3719330">
    <ele>1532.0</ele>
   </trkpt>
   <trkpt lat="27.6126440" lon="85.3719270">
    <ele>1532.0</ele>
   </trkpt>
   <trkpt lat="27.6126030" lon="85.3719050">
    <ele>1532.0</ele>
   </trkpt>
   <trkpt lat="27.6125890" lon="85.3718990">
    <ele>1532.0</ele>
   </trkpt>
   <trkpt lat="27.6125740" lon="85.3718940">
    <ele>1531.0</ele>
   </trkpt>
   <trkpt lat="27.6125600" lon="85.3718880">
    <ele>1531.0</ele>
   </trkpt>
   <trkpt lat="27.6125180" lon="85.3718790">
    <ele>1531.0</ele>
   </trkpt>
   <trkpt lat="27.6125060" lon="85.3718820">
    <ele>1531.0</ele>
   </trkpt>
   <trkpt lat="27.6124950" lon="85.3718860">
    <ele>1530.0</ele>
   </trkpt>
   <trkpt lat="27.6124840" lon="85.3718900">
    <ele>1530.0</ele>
   </trkpt>
   <trkpt lat="27.6124600" lon="85.3719230">
    <ele>1530.0</ele>
   </trkpt>
   <trkpt lat="27.6124530" lon="85.3719370">
    <ele>1530.0</ele>
   </trkpt>
   <trkpt lat="27.6124450" lon="85.3719520">
    <ele>1529.0</ele>
   </trkpt>
   <trkpt lat="27.6124380" lon="85.3719660">
    <ele>1529.0</ele>
   </trkpt>
   <trkpt lat="27.6124200" lon="85.3720140">
    <ele>1529.0</ele>
   </trkpt>
   <trkpt lat="27.6124140" lon="85.3720290">
    <ele>1529.0</ele>
   </trkpt>
   <trkpt lat="27.6124080" lon="85.3720440">
    <ele>1528.0</ele>
   </trkpt>
   <trkpt lat="27.6124030" lon="85.3720590">
    <ele>1528.0</ele>
   </trkpt>
   <trkpt lat="27.6123890" lon="85.3721040">
    <ele>1528.0</ele>
   </trkpt>
   <trkpt lat="27.6123870" lon="85.3721200">
    <ele>1528.0</ele>
   </trkpt>
   <trkpt lat="27.6123850" lon="85.3721350">
    <ele>1527.0</ele>
   </trkpt>
   <trkpt lat="27.6123820" lon="85.3721510">
    <ele>1527.0</ele>
   </trkpt>
   <trkpt lat="27.6123750" lon="85.3721970">
    <ele>1527.0</ele>
   </trkpt>
   <trkpt lat="27.6123710" lon="85.3722130">
    <ele>1527.0</ele>
   </trkpt>
   <trkpt lat="27.6123680" lon="85.3722280">
    <ele>1526.0</ele>
   </trkpt>
   <trkpt lat="27.6123640" lon="85.3722430">
    <ele>1526.0</ele>
   </trkpt>
   <trkpt lat="27.6123490" lon="85.3722850">
    <ele>1526.0</ele>
   </trkpt>
   <trkpt lat="27.6123420" lon="85.3722980">
    <ele>1526.0</ele>
   </trkpt>
   <trkpt lat="27.6123350" lon="85.3723100">
    <ele>1525.0</ele>
   </trkpt>
   <trkpt lat="27.6123280" lon="85.3723230">
    <ele>1525.0</ele>
   </trkpt>
   <trkpt lat="27.6122990" lon="85.3723530">
    <ele>1524.0</ele>
   </trkpt>
   <trkpt lat="27.6122850" lon="85.3723600">
    <ele>1524.0</ele>
   </trkpt>
   <trkpt lat="27.6122720" lon="85.3723660">
    <ele>1523.0</ele>
   </trkpt>
   <trkpt lat="27.6122590" lon="85.3723730">
    <ele>1523.0</ele>
   </trkpt>
   <trkpt lat="27.6122170" lon="85.3723780">
    <ele>1523.0</ele>
   </trkpt>
   <trkpt lat="27.6122030" lon="85.3723750">
    <ele>1523.0</ele>
   </trkpt>
   <trkpt lat="27.6121900" lon="85.3723730">
    <ele>1522.0</ele>
   </trkpt>
   <trkpt lat="27.6121760" lon="85.3723710">
    <ele>1522.0</ele>
   </trkpt>
   <trkpt lat="27.6121350" lon="85.3723550">
    <ele>1522.0</ele>
   </trkpt>
   <trkpt lat="27.6121220" lon="85.3723480">
    <ele>1522.0</ele>
   </trkpt>
   <trkpt lat="27.6121090" lon="85.3723420">
    <ele>1521.0</ele>
   </trkpt>
   <trkpt lat="27.6120950" lon="85.3723360">
    <ele>1521.0</ele>
   </trkpt>
   <trkpt lat="27.6120540" lon="85.3723220">
    <ele>1521.0</ele>
   </trkpt>
   <trkpt lat="27.6120400" lon="85.3723190">
    <ele>1521.0</ele>
   </trkpt>
   <trkpt lat="27.6120260" lon="85.3723160">
    <ele>1520.0</ele>
   </trkpt>
   <trkpt lat="27.6120120" lon="85.3723140">
    <ele>1520.0</ele>
   </trkpt>
   <trkpt lat="27.6119700" lon="85.3723110">
    <ele>1520.0</ele>
   </trkpt>
   <trkpt lat="27.6119560" lon="85.3723130">
    <ele>1520.0</ele>
   </trkpt>
   <trkpt lat="27.6119420" lon="85.3723150">
    <ele>1520.0</ele>
   </trkpt>
   <trkpt lat="27.6119280" lon="85.3723170">
    <ele>1520.0</ele>
   </trkpt>
   <trkpt lat="27.6118910" lon="85.3723340">
    <ele>1520.0</ele>
   </trkpt>
   <trkpt lat="27.6118800" lon="85.3723450">
    <ele>1520.0</ele>
   </trkpt>
   <trkpt lat="27.6118700" lon="85.3723550">
    <ele>1519.0</ele>
   </trkpt>
   <trkpt lat="27.6118600" lon="85.3723660">
    <ele>1519.0</ele>
   </trkpt>
   <trkpt lat="27.6118330" lon="85.3724080">
    <ele>1519.0</ele>
   </trkpt>
   <trkpt lat="27.6118260" lon="85.3724240">
    <ele>1519.0</ele>
   </trkpt>
   <trkpt lat="27.6118190" lon="85.3724400">
    <ele>1518.0</ele>
   </trkpt>
   <trkpt lat="27.6118120" lon="85.3724560">
    <ele>1518.0</ele>
   </trkpt>
   <trkpt lat="27.6117960" lon="85.3725090">
    <ele>1518.0</ele>
   </trkpt>
   <trkpt lat="27.6117910" lon="85.3725260">
    <ele>1518.0</ele>
   </trkpt>
   <trkpt lat="27.6117860" lon="85.3725430">
    <ele>1517.0</ele>
   </trkpt>
   <trkpt lat="27.6117820" lon="85.3725600">
    <ele>1517.0</ele>
   </trkpt>
   <trkpt lat="27.6117680" lon="85.3726080">
    <ele>1517.0</ele>
   </trkpt>
   <trkpt lat="27.6117610" lon="85.3726240">
    <ele>1517.0</ele>
   </trkpt>
   <trkpt lat="27.6117540" lon="85.3726400">
    <ele>1516.0</ele>
   </trkpt>
   <trkpt lat="27.6117480" lon="85.3726560">
    <ele>1516.0</ele>
   </trkpt>
   <trkpt lat="27.6117180" lon="85.3726960">
    <ele>1516.0</ele>
   </trkpt>
   <trkpt lat="27.6117050" lon="85.3727060">
    <ele>1516.0</ele>
   </trkpt>
   <trkpt lat="27.6116920" lon="85.3727160">
    <ele>1516.0</ele>
   </trkpt>
   <trkpt lat="27.6116790" lon="85.3727260">
    <ele>1516.0</ele>
   </trkpt>
   <trkpt lat="27.6116370" lon="85.3727370">
    <ele>1516.0</ele>
   </trkpt>
   <trkpt lat="27.6116220" lon="85.3727360">
    <ele>1516.0</ele>
   </trkpt>
   <trkpt lat="27.6116080" lon="85.3727340">
    <ele>1515.0</ele>
   </trkpt>
   <trkpt lat="27.6115930" lon="85.3727330">
    <ele>1515.0</ele>
   </trkpt>
   <trkpt lat="27.6115490" lon="85.3727170">
    <ele>1514.0</ele>
   </trkpt>
   <trkpt lat="27.6115350" lon="85.3727090">
    <ele>1514.0</ele>
   </trkpt>
   <trkpt lat="27.6115210" lon="85.3727010">
    <ele>1513.0</ele>
   </trkpt>
   <trkpt lat="27.6115070" lon="85.3726930">
    <ele>1513.0</ele>
   </trkpt>
   <trkpt lat="27.6114690" lon="85.3726600">
    <ele>1513.0</ele>
   </trkpt>
   <trkpt lat="27.6114570" lon="85.3726470">
    <ele>1513.0</ele>
   </trkpt>
   <trkpt lat="27.6114450" lon="85.3726340">
    <ele>1512.0</ele>
   </trkpt>
   <trkpt lat="27.6114330" lon="85.3726210">
    <ele>1512.0</ele>
   </trkpt>
   <trkpt lat="27.6113980" lon="85.3725860">
    <ele>1512.0</ele>
   </trkpt>
   <trkpt lat="27.6113860" lon="85.3725760">
    <ele>1512.0</ele>
   </trkpt>
   <trkpt lat="27.6113740" lon="85.3725650">
    <ele>1511.0</ele>
   </trkpt>
   <trkpt lat="27.6113620" lon="85.3725550">
    <ele>1511.0</ele>
   </trkpt>
   <trkpt lat="27.6113240" lon="85.3725280">
    <ele>1511.0</ele>
   </trkpt>
   <trkpt lat="27.6113110" lon="85.3725190">
    <ele>1511.0</ele>
   </trkpt>
   <trkpt lat="27.6112980" lon="85.3725100">
    <ele>1510.0</ele>
   </trkpt>
   <trkpt lat="27.6112850" lon="85.3725010">
    <ele>1510.0</ele>
   </trkpt>
   <trkpt lat="27.6112460" lon="85.3724730">
    <ele>1510.0</ele>
   </trkpt>
   <trkpt lat="27.6112330" lon="85.3724630">
    <ele>1510.0</ele>
   </trkpt>
   <trkpt lat="27.6112190" lon="85.3724540">
    <ele>1510.0</ele>
   </trkpt>
   <trkpt lat="27.6112050" lon="85.3724440">
    <ele>1510.0</ele>
   </trkpt>
   <trkpt lat="27.6111640" lon="85.3724140">
    <ele>1510.0</ele>
   </trkpt>
   <trkpt lat="27.6111500" lon="85.3724040">
    <ele>1510.0</ele>
   </trkpt>
   <trkpt lat="27.6111370" lon="85.3723940">
    <ele>1510.0</ele>
   </trkpt>
   <trkpt lat="27.6111230" lon="85.3723830">
    <ele>1510.0</ele>
   </trkpt>
   <trkpt lat="27.6110830" lon="85.3723540">
    <ele>1510.0</ele>
   </trkpt>
   <trkpt lat="27.6110690" lon="85.3723430">
    <ele>1510.0</ele>
   </trkpt>
   <trkpt lat="27.6110560" lon="85.3723320">
    <ele>1510.0</ele>
   </trkpt>
   <trkpt lat="27.6110430" lon="85.3723220">
    <ele>1510.0</ele>
   </trkpt>
   <trkpt lat="27.6110070" lon="85.3722890">
    <ele>1510.0</ele>
   </trkpt>
   <trkpt lat="27.6109960" lon="85.3722780">
    <ele>1510.0</ele>
   </trkpt>
   <trkpt lat="27.6109860" lon="85.3722670">
    <ele>1510.0</ele>
   </trkpt>
   <trkpt lat="27.6109750" lon="85.3722560">
    <ele>1510.0</ele>
   </trkpt>
   <trkpt lat="27.6109440" lon="85.3722220">
    <ele>1510.0</ele>
   </trkpt>
   <trkpt lat="27.6109330" lon="85.3722110">
    <ele>1510.0</ele>
   </trkpt>
   <trkpt lat="27.6109230" lon="85.3722000">
    <ele>1510.0</ele>
   </trkpt>
   <trkpt lat="27.6109120" lon="85.3721900">
    <ele>1510.0</ele>
   </trkpt>
   <trkpt lat="27.6108800" lon="85.3721560">
    <ele>1510.0</ele>
   </trkpt>
   <trkpt lat="27.6108690" lon="85.3721430">
    <ele>1510.0</ele>
   </trkpt>
   <trkpt lat="27.6108580" lon="85.3721300">
    <ele>1509.0</ele>
   </trkpt>
   <trkpt lat="27.6108470" lon="85.3721170">
    <ele>1509.0</ele>
   </trkpt>
   <trkpt lat="27.6108080" lon="85.3720800">
    <ele>1509.0</ele>
   </trkpt>
   <trkpt lat="27.6107940" lon="85.3720700">
    <ele>1509.0</ele>
   </trkpt>
   <trkpt lat="27.6107810" lon="85.3720600">
    <ele>1509.0</ele>
   </trkpt>
   <trkpt lat="27.6107670" lon="85.3720500">
    <ele>1509.0</ele>
   </trkpt>
   <trkpt lat="27.6107250" lon="85.3720250">
    <ele>1509.0</ele>
   </trkpt>
   <trkpt lat="27.6107100" lon="85.3720180">
    <ele>1509.0</ele>
   </trkpt>
   <trkpt lat="27.6106960" lon="85.3720110">
    <ele>1508.0</ele>
   </trkpt>
   <trkpt lat="27.6106810" lon="85.3720040">
    <ele>1508.0</ele>
   </trkpt>
   <trkpt lat="27.6106320" lon="85.3719940">
    <ele>1508.0</ele>
   </trkpt>
   <trkpt lat="27.6106160" lon="85.3719970">
    <ele>1508.0</ele>
   </trkpt>
   <trkpt lat="27.6106000" lon="85.3719990">
    <ele>1507.0</ele>
   </trkpt>
   <trkpt lat="27.6105840" lon="85.3720020">
    <ele>1507.0</ele>
   </trkpt>
   <trkpt lat="27.6105420" lon="85.3720330">
    <ele>1507.0</ele>
   </trkpt>
   <trkpt lat="27.6105290" lon="85.3720450">
    <ele>1507.0</ele>
   </trkpt>
   <trkpt lat="27.6105160" lon="85.3720580">
    <ele>1506.0</ele>
   </trkpt>
   <trkpt lat="27.6105030" lon="85.3720710">
    <ele>1506.0</ele>
   </trkpt>
   <trkpt lat="27.6104620" lon="85.3721020">
    <ele>1506.0</ele>
   </trkpt>
   <trkpt lat="27.6104490" lon="85.3721100">
    <ele>1506.0</ele>
   </trkpt>
   <trkpt lat="27.6104350" lon="85.3721170">
    <ele>1505.0</ele>
   </trkpt>
   <trkpt lat="27.6104210" lon="85.3721240">
    <ele>1505.0</ele>
   </trkpt>
   <trkpt lat="27.6103810" lon="85.3721340">
    <ele>1505.0</ele>
   </trkpt>
   <trkpt lat="27.6103670" lon="85.3721350">
    <ele>1505.0</ele>
   </trkpt>
   <trkpt lat="27.6103530" lon="85.3721350">
    <ele>1504.0</ele>
   </trkpt>
   <trkpt lat="27.6103400" lon="85.3721350">
    <ele>1504.0</ele>
   </trkpt>
   <trkpt lat="27.6102950" lon="85.3721260">
    <ele>1503.0</ele>
   </trkpt>
   <trkpt lat="27.6102800" lon="85.3721220">
    <ele>1503.0</ele>
   </trkpt>
   <trkpt lat="27.6102640" lon="85.3721180">
    <ele>1502.0</ele>
   </trkpt>
   <trkpt lat="27.6102490" lon="85.3721140">
    <ele>1502.0</ele>
   </trkpt>
   <trkpt lat="27.6102050" lon="85.3721070">
    <ele>1502.0</ele>
   </trkpt>
   <trkpt lat="27.6101910" lon="85.3721060">
    <ele>1502.0</ele>
   </trkpt>
   <trkpt lat="27.6101780" lon="85.3721050">
    <ele>1501.0</ele>
   </trkpt>
   <trkpt lat="27.6101640" lon="85.3721030">
    <ele>1501.0</ele>
   </trkpt>
   <trkpt lat="27.6101220" lon="85.3721000">
    <ele>1501.0</ele>
   </trkpt>
   <trkpt lat="27.6101080" lon="85.3720990">
    <ele>1501.0</ele>
   </trkpt>
   <trkpt lat="27.6100930" lon="85.3720980">
    <ele>1500.0</ele>
   </trkpt>
   <trkpt lat="27.6100790" lon="85.3720980">
    <ele>1500.0</ele>
   </trkpt>
   <trkpt lat="27.6100340" lon="85.3720910">
    <ele>1500.0</ele>
   </trkpt>
   <trkpt lat="27.6100190" lon="85.3720880">
    <ele>1500.0</ele>
   </trkpt>
   <trkpt lat="27.6100040" lon="85.3720840">
    <ele>1499.0</ele>
   </trkpt>
   <trkpt lat="27.6099890" lon="85.3720810">
    <ele>1499.0</ele>
   </trkpt>
   <trkpt lat="27.6099460" lon="85.3720750">
    <ele>1498.0</ele>
   </trkpt>
   <trkpt lat="27.6099320" lon="85.3720740">
    <ele>1498.0</ele>
   </trkpt>
   <trkpt lat="27.6099180" lon="85.3720730">
    <ele>1497.0</ele>
   </trkpt>
   <trkpt lat="27.6099040" lon="85.3720720">
    <ele>1497.0</ele>
   </trkpt>
   <trkpt lat="27.6098620" lon="85.3720660">
    <ele>1497.0</ele>
   </trkpt>
   <trkpt lat="27.6098480" lon="85.3720610">
    <ele>1497.0</ele>
   </trkpt>
   <trkpt lat="27.6098350" lon="85.3720550">
    <ele>1496.0</ele>
   </trkpt>
   <trkpt lat="27.6098210" lon="85.3720500">
    <ele>1496.0</ele>
   </trkpt>
   <trkpt lat="27.6097840" lon="85.3720220">
    <ele>1496.0</ele>
   </trkpt>
   <trkpt lat="27.6097720" lon="85.3720100">
    <ele>1496.0</ele>
   </trkpt>
   <trkpt lat="27.6097600" lon="85.3719980">
    <ele>1495.0</ele>
   </trkpt>
   <trkpt lat="27.6097480" lon="85.3719860">
    <ele>1495.0</ele>
   </trkpt>
   <trkpt lat="27.6097150" lon="85.3719500">
    <ele>1495.0</ele>
   </trkpt>
   <trkpt lat="27.6097070" lon="85.3719360">
    <ele>1495.0</ele>
   </trkpt>
   <trkpt lat="27.6096990" lon="85.3719220">
    <ele>1494.0</ele>
   </trkpt>
   <trkpt lat="27.6096910" lon="85.3719090">
    <ele>1494.0</ele>
   </trkpt>
   <trkpt lat="27.6096770" lon="85.3718580">
    <ele>1494.0</ele>
   </trkpt>
   <trkpt lat="27.6096730" lon="85.3718400">
    <ele>1494.0</ele>
   </trkpt>
   <trkpt lat="27.6096690" lon="85.3718230">
    <ele>1494.0</ele>
   </trkpt>
   <trkpt lat="27.6096660" lon="85.3718050">
    <ele>1494.0</ele>
   </trkpt>
   <trkpt lat="27.6096520" lon="85.3717530">
    <ele>1494.0</ele>
   </trkpt>
   <trkpt lat="27.6096440" lon="85.3717380">
    <ele>1494.0</ele>
   </trkpt>
   <trkpt lat="27.6096360" lon="85.3717230">
    <ele>1494.0</ele>
   </trkpt>
   <trkpt lat="27.6096280" lon="85.3717080">
    <ele>1494.0</ele>
   </trkpt>
   <trkpt lat="27.6095970" lon="85.3716680">
    <ele>1494.0</ele>
   </trkpt>
   <trkpt lat="27.6095870" lon="85.3716560">
    <ele>1494.0</ele>
   </trkpt>
   <trkpt lat="27.6095780" lon="85.3716430">
    <ele>1493.0</ele>
   </trkpt>
   <trkpt lat="27.6095680" lon="85.3716300">
    <ele>1493.0</ele>
   </trkpt>
   <trkpt lat="27.6095450" lon="85.3715930">
    <ele>1493.0</ele>
   </trkpt>
   <trkpt lat="27.6095390" lon="85.3715800">
    <ele>1493.0</ele>
   </trkpt>
   <trkpt lat="27.6095320" lon="85.3715680">
    <ele>1492.0</ele>
   </trkpt>
   <trkpt lat="27.6095250" lon="85.3715550">
    <ele>1492.0</ele>
   </trkpt>
   <trkpt lat="27.6095050" lon="85.3715180">
    <ele>1492.0</ele>
   </trkpt>
   <trkpt lat="27.6094970" lon="85.3715060">
    <ele>1492.0</ele>
   </trkpt>
   <trkpt lat="27.6094890" lon="85.3714930">
    <ele>1491.0</ele>
   </trkpt>
   <trkpt lat="27.6094820" lon="85.3714810">
    <ele>1491.0</ele>
   </trkpt>
   <trkpt lat="27.6094570" lon="85.3714470">
    <ele>1490.0</ele>
   </trkpt>
   <trkpt lat="27.6094460" lon="85.3714400">
    <ele>1490.0</ele>
   </trkpt>
   <trkpt lat="27.6094340" lon="85.3714320">
    <ele>1489.0</ele>
   </trkpt>
   <trkpt lat="27.6094230" lon="85.3714240">
    <ele>1489.0</ele>
   </trkpt>
   <trkpt lat="27.6093860" lon="85.3714020">
    <ele>1489.0</ele>
   </trkpt>
   <trkpt lat="27.6093730" lon="85.3713950">
    <ele>1489.0</ele>
   </trkpt>
   <trkpt lat="27.6093610" lon="85.3713880">
    <ele>1488.0</ele>
   </trkpt>
   <trkpt lat="27.6093490" lon="85.3713810">
    <ele>1488.0</ele>
   </trkpt>
   <trkpt lat="27.6093150" lon="85.3713570">
    <ele>1487.0</ele>
   </trkpt>
   <trkpt lat="27.6093050" lon="85.3713470">
    <ele>1487.0</ele>
   </trkpt>
   <trkpt lat="27.6092950" lon="85.3713380">
    <ele>1486.0</ele>
   </trkpt>
   <trkpt lat="27.6092860" lon="85.3713280">
    <ele>1486.0</ele>
   </trkpt>
   <trkpt lat="27.6092580" lon="85.3712960">
    <ele>1486.0</ele>
   </trkpt>
   <trkpt lat="27.6092490" lon="85.3712850">
    <ele>1486.0</ele>
   </trkpt>
   <trkpt lat="27.6092400" lon="85.3712740">
    <ele>1485.0</ele>
   </trkpt>
   <trkpt lat="27.6092300" lon="85.3712620">
    <ele>1485.0</ele>
   </trkpt>
   <trkpt lat="27.6092070" lon="85.3712260">
    <ele>1484.0</ele>
   </trkpt>
   <trkpt lat="27.6091980" lon="85.3712130">
    <ele>1484.0</ele>
   </trkpt>
   <trkpt lat="27.6091900" lon="85.3712000">
    <ele>1483.0</ele>
   </trkpt>
   <trkpt lat="27.6091820" lon="85.3711870">
    <ele>1483.0</ele>
   </trkpt>
   <trkpt lat="27.6091520" lon="85.3711490">
    <ele>1483.0</ele>
   </trkpt>
   <trkpt lat="27.6091410" lon="85.3711380">
    <ele>1483.0</ele>
   </trkpt>
   <trkpt lat="27.6091300" lon="85.3711260">
    <ele>1482.0</ele>
   </trkpt>
   <trkpt lat="27.6091190" lon="85.3711150">
    <ele>1482.0</ele>
   </trkpt>
   <trkpt lat="27.6090800" lon="85.3710870">
    <ele>1481.0</ele>
   </trkpt>
   <trkpt lat="27.6090660" lon="85.3710810">
    <ele>1481.0</ele>
   </trkpt>
   <trkpt lat="27.6090510" lon="85.3710740">
    <ele>1480.0</ele>
   </trkpt>
   <trkpt lat="27.6090370" lon="85.3710670">
    <ele>1480.0</ele>
   </trkpt>
   <trkpt lat="27.6089930" lon="85.3710470">
    <ele>1480.0</ele>
   </trkpt>
   <trkpt lat="27.6089790" lon="85.3710380">
    <ele>1480.0</ele>
   </trkpt>
   <trkpt lat="27.6089660" lon="85.3710300">
    <ele>1479.0</ele>
   </trkpt>
   <trkpt lat="27.6089530" lon="85.3710210">
    <ele>1479.0</ele>
   </trkpt>
   <trkpt lat="27.6089170" lon="85.3709940">
    <ele>1478.0</ele>
   </trkpt>
   <trkpt lat="27.6089070" lon="85.3709830">
    <ele>1478.0</ele>
   </trkpt>
   <trkpt lat="27.6088960" lon="85.3709720">
    <ele>1477.0</ele>
   </trkpt>
   <trkpt lat="27.6088860" lon="85.3709600">
    <ele>1477.0</ele>
   </trkpt>
   <trkpt lat="27.6088630" lon="85.3709180">
    <ele>1477.0</ele>
   </trkpt>
   <trkpt lat="27.6088580" lon="85.3709020">
    <ele>1477.0</ele>
   </trkpt>
   <trkpt lat="27.6088530" lon="85.3708850">
    <ele>1476.0</ele>
   </trkpt>
   <trkpt lat="27.6088480" lon="85.3708690">
    <ele>1476.0</ele>
   </trkpt>
   <trkpt lat="27.6088390" lon="85.3708180">
    <ele>1476.0</ele>
   </trkpt>
   <trkpt lat="27.6088390" lon="85.3708030">
    <ele>1476.0</ele>
   </trkpt>
   <trkpt lat="27.6088390" lon="85.3707870">
    <ele>1475.0</ele>
   </trkpt>
   <trkpt lat="27.6088390" lon="85.3707720">
    <ele>1475.0</ele>
   </trkpt>
   <trkpt lat="27.6088430" lon="85.3707330">
    <ele>1474.0</ele>
   </trkpt>
   <trkpt lat="27.6088440" lon="85.3707200">
    <ele>1474.0</ele>
   </trkpt>
   <trkpt lat="27.6088440" lon="85.3707070">
    <ele>1473.0</ele>
   </trkpt>
   <trkpt lat="27.6088450" lon="85.3706950">
    <ele>1473.0</ele>
   </trkpt>
   <trkpt lat="27.6088400" lon="85.3706540">
    <ele>1473.0</ele>
   </trkpt>
   <trkpt lat="27.6088370" lon="85.3706400">
    <ele>1473.0</ele>
   </trkpt>
   <trkpt lat="27.6088340" lon="85.3706250">
    <ele>1472.0</ele>
   </trkpt>
   <trkpt lat="27.6088310" lon="85.3706110">
    <ele>1472.0</ele>
   </trkpt>
   <trkpt lat="27.6088230" lon="85.3705690">
    <ele>1471.0</ele>
   </trkpt>
   <trkpt lat="27.6088200" lon="85.3705550">
    <ele>1471.0</ele>
   </trkpt>
   <trkpt lat="27.6088170" lon="85.3705420">
    <ele>1470.0</ele>
   </trkpt>
   <trkpt lat="27.6088140" lon="85.3705280">
    <ele>1470.0</ele>
   </trkpt>
   <trkpt lat="27.6087990" lon="85.3704850">
    <ele>1469.0</ele>
   </trkpt>
   <trkpt lat="27.6087950" lon="85.3704710">
    <ele>1469.0</ele>
   </trkpt>
   <trkpt lat="27.6087910" lon="85.3704570">
    <ele>1468.0</ele>
   </trkpt>
   <trkpt lat="27.6087870" lon="85.3704430">
    <ele>1468.0</ele>
   </trkpt>
   <trkpt lat="27.6087790" lon="85.3703980">
    <ele>1467.0</ele>
   </trkpt>
   <trkpt lat="27.6087780" lon="85.3703820">
    <ele>1467.0</ele>
   </trkpt>
   <trkpt lat="27.6087770" lon="85.3703660">
    <ele>1466.0</ele>
   </trkpt>
   <trkpt lat="27.6087760" lon="85.3703500">
    <ele>1466.0</ele>
   </trkpt>
   <trkpt lat="27.6087780" lon="85.3702970">
    <ele>1466.0</ele>
   </trkpt>
   <trkpt lat="27.6087780" lon="85.3702780">
    <ele>1466.0</ele>
   </trkpt>
   <trkpt lat="27.6087770" lon="85.3702580">
    <ele>1465.0</ele>
   </trkpt>
   <trkpt lat="27.6087770" lon="85.3702390">
    <ele>1465.0</ele>
   </trkpt>
   <trkpt lat="27.6087670" lon="85.3701890">
    <ele>1465.0</ele>
   </trkpt>
   <trkpt lat="27.6087590" lon="85.3701740">
    <ele>1465.0</ele>
   </trkpt>
   <trkpt lat="27.6087520" lon="85.3701590">
    <ele>1464.0</ele>
   </trkpt>
   <trkpt lat="27.6087450" lon="85.3701440">
    <ele>1464.0</ele>
   </trkpt>
   <trkpt lat="27.6087180" lon="85.3701020">
    <ele>1464.0</ele>
   </trkpt>
   <trkpt lat="27.6087110" lon="85.3700890">
    <ele>1464.0</ele>
   </trkpt>
   <trkpt lat="27.6087030" lon="85.3700760">
    <ele>1463.0</ele>
   </trkpt>
   <trkpt lat="27.6086960" lon="85.3700630">
    <ele>1463.0</ele>
   </trkpt>
   <trkpt lat="27.6086840" lon="85.3700250">
    <ele>1462.0</ele>
   </trkpt>
   <trkpt lat="27.6086840" lon="85.3700120">
    <ele>1462.0</ele>
   </trkpt>
   <trkpt lat="27.6086830" lon="85.3699990">
    <ele>1461.0</ele>
   </trkpt>
   <trkpt lat="27.6086830" lon="85.3699860">
    <ele>1461.0</ele>
   </trkpt>
   <trkpt lat="27.6086820" lon="85.3699480">
    <ele>1460.0</ele>
   </trkpt>
   <trkpt lat="27.6086810" lon="85.3699360">
    <ele>1460.0</ele>
   </trkpt>
   <trkpt lat="27.6086810" lon="85.3699240">
    <ele>1459.0</ele>
   </trkpt>
   <trkpt lat="27.6086800" lon="85.3699120">
    <ele>1459.0</ele>
   </trkpt>
   <trkpt lat="27.6086750" lon="85.3698760">
    <ele>1458.0</ele>
   </trkpt>
   <trkpt lat="27.6086730" lon="85.3698630">
    <ele>1458.0</ele>
   </trkpt>
   <trkpt lat="27.6086710" lon="85.3698510">
    <ele>1457.0</ele>
   </trkpt>
   <trkpt lat="27.6086700" lon="85.3698380">
    <ele>1457.0</ele>
   </trkpt>
   <trkpt lat="27.6086640" lon="85.3698000">
    <ele>1456.0</ele>
   </trkpt>
   <trkpt lat="27.6086620" lon="85.3697870">
    <ele>1456.0</ele>
   </trkpt>
   <trkpt lat="27.6086590" lon="85.3697730">
    <ele>1455.0</ele>
   </trkpt>
   <trkpt lat="27.6086570" lon="85.3697600">
    <ele>1455.0</ele>
   </trkpt>
   <trkpt lat="27.6086470" lon="85.3697150">
    <ele>1454.0</ele>
   </trkpt>
   <trkpt lat="27.6086440" lon="85.3697000">
    <ele>1454.0</ele>
   </trkpt>
   <trkpt lat="27.6086400" lon="85.3696840">
    <ele>1453.0</ele>
   </trkpt>
   <trkpt lat="27.6086360" lon="85.3696680">
    <ele>1453.0</ele>
   </trkpt>
   <trkpt lat="27.6086220" lon="85.3696210">
    <ele>1452.0</ele>
   </trkpt>
   <trkpt lat="27.6086170" lon="85.3696060">
    <ele>1452.0</ele>
   </trkpt>
   <trkpt lat="27.6086110" lon="85.3695900">
    <ele>1451.0</ele>
   </trkpt>
   <trkpt lat="27.6086060" lon="85.3695750">
    <ele>1451.0</ele>
   </trkpt>
   <trkpt lat="27.6085910" lon="85.3695270">
    <ele>1451.0</ele>
   </trkpt>
   <trkpt lat="27.6085860" lon="85.3695110">
    <ele>1451.0</ele>
   </trkpt>
   <trkpt lat="27.6085820" lon="85.3694960">
    <ele>1450.0</ele>
   </trkpt>
   <trkpt lat="27.6085780" lon="85.3694810">
    <ele>1450.0</ele>
   </trkpt>
   <trkpt lat="27.6085710" lon="85.3694400">
    <ele>1449.0</ele>
   </trkpt>
   <trkpt lat="27.6085700" lon="85.3694260">
    <ele>1449.0</ele>
   </trkpt>
   <trkpt lat="27.6085690" lon="85.3694120">
    <ele>1448.0</ele>
   </trkpt>
   <trkpt lat="27.6085680" lon="85.3693980">
    <ele>1448.0</ele>
   </trkpt>
   <trkpt lat="27.6085650" lon="85.3693500">
    <ele>1448.0</ele>
   </trkpt>
   <trkpt lat="27.6085630" lon="85.3693330">
    <ele>1448.0</ele>
   </trkpt>
   <trkpt lat="27.6085610" lon="85.3693160">
    <ele>1447.0</ele>
   </trkpt>
   <trkpt lat="27.6085590" lon="85.3692990">
    <ele>1447.0</ele>
   </trkpt>
   <trkpt lat="27.6085510" lon="85.3692500">
    <ele>1446.0</ele>
   </trkpt>
   <trkpt lat="27.6085460" lon="85.3692330">
    <ele>1446.0</ele>
   </trkpt>
   <trkpt lat="27.6085410" lon="85.3692170">
    <ele>1445.0</ele>
   </trkpt>
   <trkpt lat="27.6085370" lon="85.3692000">
    <ele>1445.0</ele>
   </trkpt>
   <trkpt lat="27.6085200" lon="85.3691490">
    <ele>1444.0</ele>
   </trkpt>
   <trkpt lat="27.6085130" lon="85.3691330">
    <ele>1444.0</ele>
   </trkpt>
   <trkpt lat="27.6085070" lon="85.3691180">
    <ele>1443.0</ele>
   </trkpt>
   <trkpt lat="27.6085000" lon="85.3691020">
    <ele>1443.0</ele>
   </trkpt>
   <trkpt lat="27.6084790" lon="85.3690720">
    <ele>1443.0</ele>
   </trkpt>
   <trkpt lat="27.6084750" lon="85.3690740">
    <ele>1443.0</ele>
   </trkpt>
   <trkpt lat="27.6084720" lon="85.3690770">
    <ele>1443.0</ele>
   </trkpt>
   <trkpt lat="27.6084690" lon="85.3690790">
    <ele>1443.0</ele>
   </trkpt>
   <trkpt lat="27.6084710" lon="85.3691170">
    <ele>1443.0</ele>
   </trkpt>
   <trkpt lat="27.6084720" lon="85.3691330">
    <ele>1443.0</ele>
   </trkpt>
   <trkpt lat="27.6084720" lon="85.3691500">
    <ele>1443.0</ele>
   </trkpt>
   <trkpt lat="27.6084730" lon="85.3691660">
    <ele>1443.0</ele>
   </trkpt>
   <trkpt lat="27.6084700" lon="85.3692170">
    <ele>1443.0</ele>
   </trkpt>
   <trkpt lat="27.6084690" lon="85.3692330">
    <ele>1443.0</ele>
   </trkpt>
   <trkpt lat="27.6084680" lon="85.3692490">
    <ele>1443.0</ele>
   </trkpt>
   <trkpt lat="27.6084670" lon="85.3692660">
    <ele>1443.0</ele>
   </trkpt>
   <trkpt lat="27.6084650" lon="85.3693110">
    <ele>1443.0</ele>
   </trkpt>
   <trkpt lat="27.6084650" lon="85.3693270">
    <ele>1443.0</ele>
   </trkpt>
   <trkpt lat="27.6084650" lon="85.3693420">
    <ele>1443.0</ele>
   </trkpt>
   <trkpt lat="27.6084640" lon="85.3693580">
    <ele>1443.0</ele>
   </trkpt>
   <trkpt lat="27.6084620" lon="85.3694040">
    <ele>1443.0</ele>
   </trkpt>
   <trkpt lat="27.6084610" lon="85.3694200">
    <ele>1443.0</ele>
   </trkpt>
   <trkpt lat="27.6084600" lon="85.3694350">
    <ele>1443.0</ele>
   </trkpt>
   <trkpt lat="27.6084590" lon="85.3694510">
    <ele>1443.0</ele>
   </trkpt>
   <trkpt lat="27.6084530" lon="85.3694980">
    <ele>1443.0</ele>
   </trkpt>
   <trkpt lat="27.6084510" lon="85.3695130">
    <ele>1443.0</ele>
   </trkpt>
   <trkpt lat="27.6084480" lon="85.3695280">
    <ele>1443.0</ele>
   </trkpt>
   <trkpt lat="27.6084460" lon="85.3695440">
    <ele>1443.0</ele>
   </trkpt>
   <trkpt lat="27.6084390" lon="85.3695880">
    <ele>1443.0</ele>
   </trkpt>
   <trkpt lat="27.6084380" lon="85.3696030">
    <ele>1443.0</ele>
   </trkpt>
   <trkpt lat="27.6084360" lon="85.3696180">
    <ele>1443.0</ele>
   </trkpt>
   <trkpt lat="27.6084340" lon="85.3696330">
    <ele>1443.0</ele>
   </trkpt>
   <trkpt lat="27.6084280" lon="85.3696780">
    <ele>1443.0</ele>
   </trkpt>
   <trkpt lat="27.6084260" lon="85.3696940">
    <ele>1443.0</ele>
   </trkpt>
   <trkpt lat="27.6084250" lon="85.3697090">
    <ele>1443.0</ele>
   </trkpt>
   <trkpt lat="27.6084230" lon="85.3697240">
    <ele>1443.0</ele>
   </trkpt>
   <trkpt lat="27.6084170" lon="85.3697710">
    <ele>1443.0</ele>
   </trkpt>
   <trkpt lat="27.6084150" lon="85.3697870">
    <ele>1443.0</ele>
   </trkpt>
   <trkpt lat="27.6084130" lon="85.3698030">
    <ele>1443.0</ele>
   </trkpt>
   <trkpt lat="27.6084120" lon="85.3698190">
    <ele>1443.0</ele>
   </trkpt>
   <trkpt lat="27.6084060" lon="85.3698690">
    <ele>1443.0</ele>
   </trkpt>
   <trkpt lat="27.6084030" lon="85.3698870">
    <ele>1443.0</ele>
   </trkpt>
   <trkpt lat="27.6084000" lon="85.3699050">
    <ele>1443.0</ele>
   </trkpt>
   <trkpt lat="27.6083970" lon="85.3699230">
    <ele>1443.0</ele>
   </trkpt>
   <trkpt lat="27.6083860" lon="85.3699770">
    <ele>1443.0</ele>
   </trkpt>
   <trkpt lat="27.6083810" lon="85.3699940">
    <ele>1443.0</ele>
   </trkpt>
   <trkpt lat="27.6083760" lon="85.3700120">
    <ele>1443.0</ele>
   </trkpt>
   <trkpt lat="27.6083710" lon="85.3700290">
    <ele>1443.0</ele>
   </trkpt>
   <trkpt lat="27.6083530" lon="85.3700780">
    <ele>1443.0</ele>
   </trkpt>
   <trkpt lat="27.6083480" lon="85.3700940">
    <ele>1443.0</ele>
   </trkpt>
   <trkpt lat="27.6083420" lon="85.3701100">
    <ele>1443.0</ele>
   </trkpt>
   <trkpt lat="27.6083370" lon="85.3701260">
    <ele>1443.0</ele>
   </trkpt>
   <trkpt lat="27.6083220" lon="85.3701750">
    <ele>1443.0</ele>
   </trkpt>
   <trkpt lat="27.6083190" lon="85.3701920">
    <ele>1443.0</ele>
   </trkpt>
   <trkpt lat="27.6083150" lon="85.3702090">
    <ele>1443.0</ele>
   </trkpt>
   <trkpt lat="27.6083120" lon="85.3702260">
    <ele>1443.0</ele>
   </trkpt>
   <trkpt lat="27.6083050" lon="85.3702780">
    <ele>1443.0</ele>
   </trkpt>
   <trkpt lat="27.6083030" lon="85.3702950">
    <ele>1443.0</ele>
   </trkpt>
   <trkpt lat="27.6083000" lon="85.3703120">
    <ele>1443.0</ele>
   </trkpt>
   <trkpt lat="27.6082980" lon="85.3703290">
    <ele>1443.0</ele>
   </trkpt>
   <trkpt lat="27.6082910" lon="85.3703800">
    <ele>1443.0</ele>
   </trkpt>
   <trkpt lat="27.6082890" lon="85.3703950">
    <ele>1444.0</ele>
   </trkpt>
   <trkpt lat="27.6082880" lon="85.3704110">
    <ele>1444.0</ele>
   </trkpt>
   <trkpt lat="27.6082860" lon="85.3704270">
    <ele>1444.0</ele>
   </trkpt>
   <trkpt lat="27.6082860" lon="85.3704710">
    <ele>1444.0</ele>
   </trkpt>
   <trkpt lat="27.6082870" lon="85.3704870">
    <ele>1444.0</ele>
   </trkpt>
   <trkpt lat="27.6082890" lon="85.3705030">
    <ele>1444.0</ele>
   </trkpt>
   <trkpt lat="27.6082900" lon="85.3705180">
    <ele>1444.0</ele>
   </trkpt>
   <trkpt lat="27.6082990" lon="85.3705690">
    <ele>1444.0</ele>
   </trkpt>
   <trkpt lat="27.6083020" lon="85.3705880">
    <ele>1444.0</ele>
   </trkpt>
   <trkpt lat="27.6083050" lon="85.3706070">
    <ele>1444.0</ele>
   </trkpt>
   <trkpt lat="27.6083080" lon="85.3706260">
    <ele>1444.0</ele>
   </trkpt>
   <trkpt lat="27.6083170" lon="85.3706840">
    <ele>1444.0</ele>
   </trkpt>
   <trkpt lat="27.6083200" lon="85.3707010">
    <ele>1444.0</ele>
   </trkpt>
   <trkpt lat="27.6083230" lon="85.3707180">
    <ele>1444.0</ele>
   </trkpt>
   <trkpt lat="27.6083260" lon="85.3707360">
    <ele>1444.0</ele>
   </trkpt>
   <trkpt lat="27.6083350" lon="85.3707840">
    <ele>1444.0</ele>
   </trkpt>
   <trkpt lat="27.6083380" lon="85.3708000">
    <ele>1445.0</ele>
   </trkpt>
   <trkpt lat="27.6083410" lon="85.3708150">
    <ele>1445.0</ele>
   </trkpt>
   <trkpt lat="27.6083440" lon="85.3708310">
    <ele>1445.0</ele>
   </trkpt>
   <trkpt lat="27.6083540" lon="85.3708760">
    <ele>1445.0</ele>
   </trkpt>
   <trkpt lat="27.6083570" lon="85.3708900">
    <ele>1446.0</ele>
   </trkpt>
   <trkpt lat="27.6083610" lon="85.3709050">
    <ele>1446.0</ele>
   </trkpt>
   <trkpt lat="27.6083640" lon="85.3709190">
    <ele>1446.0</ele>
   </trkpt>
   <trkpt lat="27.6083700" lon="85.3709610">
    <ele>1446.0</ele>
   </trkpt>
   <trkpt lat="27.6083710" lon="85.3709740">
    <ele>1447.0</ele>
   </trkpt>
   <trkpt lat="27.6083730" lon="85.3709870">
    <ele>1447.0</ele>
   </trkpt>
   <trkpt lat="27.6083750" lon="85.3710000">
    <ele>1447.0</ele>
   </trkpt>
   <trkpt lat="27.6083790" lon="85.3710370">
    <ele>1447.0</ele>
   </trkpt>
   <trkpt lat="27.6083820" lon="85.3710480">
    <ele>1447.0</ele>
   </trkpt>
   <trkpt lat="27.6083840" lon="85.3710590">
    <ele>1447.0</ele>
   </trkpt>
   <trkpt lat="27.6083860" lon="85.3710710">
    <ele>1447.0</ele>
   </trkpt>
   <trkpt lat="27.6083970" lon="85.3711030">
    <ele>1447.0</ele>
   </trkpt>
   <trkpt lat="27.6084020" lon="85.3711140">
    <ele>1448.0</ele>
   </trkpt>
   <trkpt lat="27.6084070" lon="85.3711250">
    <ele>1448.0</ele>
   </trkpt>
   <trkpt lat="27.6084120" lon="85.3711360">
    <ele>1448.0</ele>
   </trkpt>
   <trkpt lat="27.6084280" lon="85.3711700">
    <ele>1448.0</ele>
   </trkpt>
   <trkpt lat="27.6084330" lon="85.3711790">
    <ele>1448.0</ele>
   </trkpt>
   <trkpt lat="27.6084390" lon="85.3711890">
    <ele>1448.0</ele>
   </trkpt>
   <trkpt lat="27.6084450" lon="85.3711990">
    <ele>1448.0</ele>
   </trkpt>
   <trkpt lat="27.6084680" lon="85.3712230">
    <ele>1448.0</ele>
   </trkpt>
   <trkpt lat="27.6084760" lon="85.3712290">
    <ele>1448.0</ele>
   </trkpt>
   <trkpt lat="27.6084840" lon="85.3712350">
    <ele>1448.0</ele>
   </trkpt>
   <trkpt lat="27.6084920" lon="85.3712410">
    <ele>1448.0</ele>
   </trkpt>
   <trkpt lat="27.6085120" lon="85.3712580">
    <ele>1448.0</ele>
   </trkpt>
   <trkpt lat="27.6085160" lon="85.3712650">
    <ele>1449.0</ele>
   </trkpt>
   <trkpt lat="27.6085210" lon="85.3712720">
    <ele>1449.0</ele>
   </trkpt>
   <trkpt lat="27.6085260" lon="85.3712790">
    <ele>1449.0</ele>
   </trkpt>
   <trkpt lat="27.6085450" lon="85.3713080">
    <ele>1449.0</ele>
   </trkpt>
   <trkpt lat="27.6085530" lon="85.3713200">
    <ele>1449.0</ele>
   </trkpt>
   <trkpt lat="27.6085620" lon="85.3713320">
    <ele>1449.0</ele>
   </trkpt>
   <trkpt lat="27.6085700" lon="85.3713430">
    <ele>1449.0</ele>
   </trkpt>
   <trkpt lat="27.6085990" lon="85.3713800">
    <ele>1449.0</ele>
   </trkpt>
   <trkpt lat="27.6086080" lon="85.3713920">
    <ele>1449.0</ele>
   </trkpt>
   <trkpt lat="27.6086180" lon="85.3714040">
    <ele>1449.0</ele>
   </trkpt>
   <trkpt lat="27.6086270" lon="85.3714160">
    <ele>1449.0</ele>
   </trkpt>
   <trkpt lat="27.6086590" lon="85.3714500">
    <ele>1449.0</ele>
   </trkpt>
   <trkpt lat="27.6086690" lon="85.3714620">
    <ele>1449.0</ele>
   </trkpt>
   <trkpt lat="27.6086790" lon="85.3714740">
    <ele>1449.0</ele>
   </trkpt>
   <trkpt lat="27.6086890" lon="85.3714870">
    <ele>1449.0</ele>
   </trkpt>
   <trkpt lat="27.6087160" lon="85.3715250">
    <ele>1449.0</ele>
   </trkpt>
   <trkpt lat="27.6087240" lon="85.3715370">
    <ele>1449.0</ele>
   </trkpt>
   <trkpt lat="27.6087320" lon="85.3715500">
    <ele>1449.0</ele>
   </trkpt>
   <trkpt lat="27.6087410" lon="85.3715620">
    <ele>1449.0</ele>
   </trkpt>
   <trkpt lat="27.6087640" lon="85.3716000">
    <ele>1449.0</ele>
   </trkpt>
   <trkpt lat="27.6087710" lon="85.3716120">
    <ele>1449.0</ele>
   </trkpt>
   <trkpt lat="27.6087790" lon="85.3716250">
    <ele>1449.0</ele>
   </trkpt>
   <trkpt lat="27.6087860" lon="85.3716380">
    <ele>1449.0</ele>
   </trkpt>
   <trkpt lat="27.6088030" lon="85.3716830">
    <ele>1449.0</ele>
   </trkpt>
   <trkpt lat="27.6088040" lon="85.3716990">
    <ele>1449.0</ele>
   </trkpt>
   <trkpt lat="27.6088060" lon="85.3717150">
    <ele>1449.0</ele>
   </trkpt>
   <trkpt lat="27.6088070" lon="85.3717310">
    <ele>1449.0</ele>
   </trkpt>
   <trkpt lat="27.6088080" lon="85.3717720">
    <ele>1449.0</ele>
   </trkpt>
   <trkpt lat="27.6088090" lon="85.3717840">
    <ele>1450.0</ele>
   </trkpt>
   <trkpt lat="27.6088100" lon="85.3717970">
    <ele>1450.0</ele>
   </trkpt>
   <trkpt lat="27.6088100" lon="85.3718090">
    <ele>1450.0</ele>
   </trkpt>
   <trkpt lat="27.6088110" lon="85.3718440">
    <ele>1450.0</ele>
   </trkpt>
   <trkpt lat="27.6088130" lon="85.3718550">
    <ele>1450.0</ele>
   </trkpt>
   <trkpt lat="27.6088140" lon="85.3718660">
    <ele>1450.0</ele>
   </trkpt>
   <trkpt lat="27.6088150" lon="85.3718770">
    <ele>1450.0</ele>
   </trkpt>
   <trkpt lat="27.6088260" lon="85.3719060">
    <ele>1450.0</ele>
   </trkpt>
   <trkpt lat="27.6088300" lon="85.3719160">
    <ele>1450.0</ele>
   </trkpt>
   <trkpt lat="27.6088350" lon="85.3719250">
    <ele>1450.0</ele>
   </trkpt>
   <trkpt lat="27.6088400" lon="85.3719350">
    <ele>1450.0</ele>
   </trkpt>
   <trkpt lat="27.6088590" lon="85.3719700">
    <ele>1450.0</ele>
   </trkpt>
   <trkpt lat="27.6088700" lon="85.3719830">
    <ele>1450.0</ele>
   </trkpt>
   <trkpt lat="27.6088800" lon="85.3719960">
    <ele>1450.0</ele>
   </trkpt>
   <trkpt lat="27.6088910" lon="85.3720090">
    <ele>1450.0</ele>
   </trkpt>
   <trkpt lat="27.6089290" lon="85.3720470">
    <ele>1450.0</ele>
   </trkpt>
   <trkpt lat="27.6089420" lon="85.3720600">
    <ele>1450.0</ele>
   </trkpt>
   <trkpt lat="27.6089540" lon="85.3720730">
    <ele>1450.0</ele>
   </trkpt>
   <trkpt lat="27.6089660" lon="85.3720860">
    <ele>1450.0</ele>
   </trkpt>
   <trkpt lat="27.6090000" lon="85.3721260">
    <ele>1450.0</ele>
   </trkpt>
   <trkpt lat="27.6090110" lon="85.3721390">
    <ele>1450.0</ele>
   </trkpt>
   <trkpt lat="27.6090220" lon="85.3721520">
    <ele>1449.0</ele>
   </trkpt>
   <trkpt lat="27.6090330" lon="85.3721660">
    <ele>1449.0</ele>
   </trkpt>
   <trkpt lat="27.6090640" lon="85.3722040">
    <ele>1449.0</ele>
   </trkpt>
   <trkpt lat="27.6090750" lon="85.3722170">
    <ele>1449.0</ele>
   </trkpt>
   <trkpt lat="27.6090860" lon="85.3722300">
    <ele>1449.0</ele>
   </trkpt>
   <trkpt lat="27.6090970" lon="85.3722420">
    <ele>1449.0</ele>
   </trkpt>
   <trkpt lat="27.6091330" lon="85.3722800">
    <ele>1449.0</ele>
   </trkpt>
   <trkpt lat="27.6091450" lon="85.3722930">
    <ele>1449.0</ele>
   </trkpt>
   <trkpt lat="27.6091570" lon="85.3723070">
    <ele>1449.0</ele>
   </trkpt>
   <trkpt lat="27.6091690" lon="85.3723200">
    <ele>1449.0</ele>
   </trkpt>
   <trkpt lat="27.6092050" lon="85.3723610">
    <ele>1449.0</ele>
   </trkpt>
   <trkpt lat="27.6092180" lon="85.3723720">
    <ele>1449.0</ele>
   </trkpt>
   <trkpt lat="27.6092310" lon="85.3723840">
    <ele>1449.0</ele>
   </trkpt>
   <trkpt lat="27.6092440" lon="85.3723960">
    <ele>1449.0</ele>
   </trkpt>
   <trkpt lat="27.6092830" lon="85.3724300">
    <ele>1449.0</ele>
   </trkpt>
   <trkpt lat="27.6092950" lon="85.3724410">
    <ele>1449.0</ele>
   </trkpt>
   <trkpt lat="27.6093070" lon="85.3724520">
    <ele>1449.0</ele>
   </trkpt>
   <trkpt lat="27.6093180" lon="85.3724630">
    <ele>1449.0</ele>
   </trkpt>
   <trkpt lat="27.6093520" lon="85.3724980">
    <ele>1449.0</ele>
   </trkpt>
   <trkpt lat="27.6093630" lon="85.3725100">
    <ele>1449.0</ele>
   </trkpt>
   <trkpt lat="27.6093750" lon="85.3725220">
    <ele>1448.0</ele>
   </trkpt>
   <trkpt lat="27.6093870" lon="85.3725340">
    <ele>1448.0</ele>
   </trkpt>
   <trkpt lat="27.6094220" lon="85.3725760">
    <ele>1448.0</ele>
   </trkpt>
   <trkpt lat="27.6094340" lon="85.3725930">
    <ele>1448.0</ele>
   </trkpt>
   <trkpt lat="27.6094460" lon="85.3726100">
    <ele>1448.0</ele>
   </trkpt>
   <trkpt lat="27.6094570" lon="85.3726270">
    <ele>1448.0</ele>
   </trkpt>
   <trkpt lat="27.6094860" lon="85.3726840">
    <ele>1448.0</ele>
   </trkpt>
   <trkpt lat="27.6094900" lon="85.3727060">
    <ele>1448.0</ele>
   </trkpt>
   <trkpt lat="27.6094940" lon="85.3727290">
    <ele>1448.0</ele>
   </trkpt>
   <trkpt lat="27.6094980" lon="85.3727510">
    <ele>1448.0</ele>
   </trkpt>
   <trkpt lat="27.6094980" lon="85.3728230">
    <ele>1448.0</ele>
   </trkpt>
   <trkpt lat="27.6094950" lon="85.3728460">
    <ele>1448.0</ele>
   </trkpt>
   <trkpt lat="27.6094920" lon="85.3728680">
    <ele>1447.0</ele>
   </trkpt>
   <trkpt lat="27.6094890" lon="85.3728910">
    <ele>1447.0</ele>
   </trkpt>
   <trkpt lat="27.6094770" lon="85.3729510">
    <ele>1447.0</ele>
   </trkpt>
   <trkpt lat="27.6094740" lon="85.3729690">
    <ele>1447.0</ele>
   </trkpt>
   <trkpt lat="27.6094700" lon="85.3729860">
    <ele>1446.0</ele>
   </trkpt>
   <trkpt lat="27.6094670" lon="85.3730040">
    <ele>1446.0</ele>
   </trkpt>
   <trkpt lat="27.6094560" lon="85.3730560">
    <ele>1446.0</ele>
   </trkpt>
   <trkpt lat="27.6094500" lon="85.3730740">
    <ele>1446.0</ele>
   </trkpt>
   <trkpt lat="27.6094450" lon="85.3730920">
    <ele>1445.0</ele>
   </trkpt>
   <trkpt lat="27.6094400" lon="85.3731100">
    <ele>1445.0</ele>
   </trkpt>
   <trkpt lat="27.6094170" lon="85.3731630">
    <ele>1445.0</ele>
   </trkpt>
   <trkpt lat="27.6094080" lon="85.3731780">
    <ele>1445.0</ele>
   </trkpt>
   <trkpt lat="27.6093980" lon="85.3731930">
    <ele>1444.0</ele>
   </trkpt>
   <trkpt lat="27.6093880" lon="85.3732080">
    <ele>1444.0</ele>
   </trkpt>
   <trkpt lat="27.6093510" lon="85.3732440">
    <ele>1443.0</ele>
   </trkpt>
   <trkpt lat="27.6093390" lon="85.3732550">
    <ele>1443.0</ele>
   </trkpt>
   <trkpt lat="27.6093280" lon="85.3732660">
    <ele>1442.0</ele>
   </trkpt>
   <trkpt lat="27.6093160" lon="85.3732770">
    <ele>1442.0</ele>
   </trkpt>
   <trkpt lat="27.6092860" lon="85.3733170">
    <ele>1442.0</ele>
   </trkpt>
   <trkpt lat="27.6092790" lon="85.3733320">
    <ele>1442.0</ele>
   </trkpt>
   <trkpt lat="27.6092730" lon="85.3733480">
    <ele>1441.0</ele>
   </trkpt>
   <trkpt lat="27.6092670" lon="85.3733630">
    <ele>1441.0</ele>
   </trkpt>
   <trkpt lat="27.6092620" lon="85.3734150">
    <ele>1441.0</ele>
   </trkpt>
   <trkpt lat="27.6092630" lon="85.3734350">
    <ele>1441.0</ele>
   </trkpt>
   <trkpt lat="27.6092630" lon="85.3734540">
    <ele>1440.0</ele>
   </trkpt>
   <trkpt lat="27.6092640" lon="85.3734730">
    <ele>1440.0</ele>
   </trkpt>
   <trkpt lat="27.6092630" lon="85.3735300">
    <ele>1439.0</ele>
   </trkpt>
   <trkpt lat="27.6092600" lon="85.3735480">
    <ele>1439.0</ele>
   </trkpt>
   <trkpt lat="27.6092580" lon="85.3735660">
    <ele>1438.0</ele>
   </trkpt>
   <trkpt lat="27.6092550" lon="85.3735850">
    <ele>1438.0</ele>
   </trkpt>
   <trkpt lat="27.6092420" lon="85.3736360">
    <ele>1437.0</ele>
   </trkpt>
   <trkpt lat="27.6092370" lon="85.3736520">
    <ele>1437.0</ele>
   </trkpt>
   <trkpt lat="27.6092310" lon="85.3736680">
    <ele>1436.0</ele>
   </trkpt>
   <trkpt lat="27.6092250" lon="85.3736840">
    <ele>1436.0</ele>
   </trkpt>
   <trkpt lat="27.6092080" lon="85.3737320">
    <ele>1436.0</ele>
   </trkpt>
   <trkpt lat="27.6092070" lon="85.3737480">
    <ele>1436.0</ele>
   </trkpt>
   <trkpt lat="27.6092060" lon="85.3737640">
    <ele>1435.0</ele>
   </trkpt>
   <trkpt lat="27.6092050" lon="85.3737800">
    <ele>1435.0</ele>
   </trkpt>
   <trkpt lat="27.6092180" lon="85.3738270">
    <ele>1434.0</ele>
   </trkpt>
   <trkpt lat="27.6092230" lon="85.3738420">
    <ele>1434.0</ele>
   </trkpt>
   <trkpt lat="27.6092290" lon="85.3738570">
    <ele>1434.0</ele>
   </trkpt>
   <trkpt lat="27.6092340" lon="85.3738720">
    <ele>1434.0</ele>
   </trkpt>
   <trkpt lat="27.6092560" lon="85.3739100">
    <ele>1434.0</ele>
   </trkpt>
   <trkpt lat="27.6092640" lon="85.3739170">
    <ele>1434.0</ele>
   </trkpt>
   <trkpt lat="27.6092720" lon="85.3739250">
    <ele>1434.0</ele>
   </trkpt>
   <trkpt lat="27.6092810" lon="85.3739320">
    <ele>1434.0</ele>
   </trkpt>
   <trkpt lat="27.6093060" lon="85.3739390">
    <ele>1434.0</ele>
   </trkpt>
   <trkpt lat="27.6093150" lon="85.3739360">
    <ele>1434.0</ele>
   </trkpt>
   <trkpt lat="27.6093230" lon="85.3739340">
    <ele>1434.0</ele>
   </trkpt>
   <trkpt lat="27.6093320" lon="85.3739320">
    <ele>1434.0</ele>
   </trkpt>
   <trkpt lat="27.6093610" lon="85.3739190">
    <ele>1434.0</ele>
   </trkpt>
   <trkpt lat="27.6093710" lon="85.3739160">
    <ele>1434.0</ele>
   </trkpt>
   <trkpt lat="27.6093810" lon="85.3739120">
    <ele>1434.0</ele>
   </trkpt>
   <trkpt lat="27.6093910" lon="85.3739080">
    <ele>1434.0</ele>
   </trkpt>
   <trkpt lat="27.6094200" lon="85.3739030">
    <ele>1434.0</ele>
   </trkpt>
   <trkpt lat="27.6094290" lon="85.3739030">
    <ele>1434.0</ele>
   </trkpt>
   <trkpt lat="27.6094380" lon="85.3739030">
    <ele>1434.0</ele>
   </trkpt>
   <trkpt lat="27.6094480" lon="85.3739020">
    <ele>1434.0</ele>
   </trkpt>
   <trkpt lat="27.6094740" lon="85.3739110">
    <ele>1434.0</ele>
   </trkpt>
   <trkpt lat="27.6094820" lon="85.3739160">
    <ele>1434.0</ele>
   </trkpt>
   <trkpt lat="27.6094910" lon="85.3739220">
    <ele>1434.0</ele>
   </trkpt>
   <trkpt lat="27.6094990" lon="85.3739280">
    <ele>1434.0</ele>
   </trkpt>
   <trkpt lat="27.6095240" lon="85.3739480">
    <ele>1434.0</ele>
   </trkpt>
   <trkpt lat="27.6095310" lon="85.3739530">
    <ele>1435.0</ele>
   </trkpt>
   <trkpt lat="27.6095390" lon="85.3739580">
    <ele>1434.0</ele>
   </trkpt>
   <trkpt lat="27.6095460" lon="85.3739640">
    <ele>1434.0</ele>
   </trkpt>
   <trkpt lat="27.6095600" lon="85.3739860">
    <ele>1434.0</ele>
   </trkpt>
   <trkpt lat="27.6095600" lon="85.3739970">
    <ele>1434.0</ele>
   </trkpt>
   <trkpt lat="27.6095600" lon="85.3740080">
    <ele>1434.0</ele>
   </trkpt>
   <trkpt lat="27.6095610" lon="85.3740180">
    <ele>1434.0</ele>
   </trkpt>
   <trkpt lat="27.6095570" lon="85.3740540">
    <ele>1434.0</ele>
   </trkpt>
   <trkpt lat="27.6095570" lon="85.3740660">
    <ele>1434.0</ele>
   </trkpt>
   <trkpt lat="27.6095570" lon="85.3740780">
    <ele>1434.0</ele>
   </trkpt>
   <trkpt lat="27.6095570" lon="85.3740900">
    <ele>1434.0</ele>
   </trkpt>
   <trkpt lat="27.6095610" lon="85.3741210">
    <ele>1434.0</ele>
   </trkpt>
   <trkpt lat="27.6095650" lon="85.3741300">
    <ele>1435.0</ele>
   </trkpt>
   <trkpt lat="27.6095680" lon="85.3741390">
    <ele>1435.0</ele>
   </trkpt>
   <trkpt lat="27.6095710" lon="85.3741480">
    <ele>1435.0</ele>
   </trkpt>
   <trkpt lat="27.6095830" lon="85.3741730">
    <ele>1435.0</ele>
   </trkpt>
   <trkpt lat="27.6095870" lon="85.3741810">
    <ele>1435.0</ele>
   </trkpt>
   <trkpt lat="27.6095910" lon="85.3741900">
    <ele>1435.0</ele>
   </trkpt>
   <trkpt lat="27.6095950" lon="85.3741990">
    <ele>1435.0</ele>
   </trkpt>
   <trkpt lat="27.6096070" lon="85.3742240">
    <ele>1435.0</ele>
   </trkpt>
   <trkpt lat="27.6096120" lon="85.3742330">
    <ele>1436.0</ele>
   </trkpt>
   <trkpt lat="27.6096170" lon="85.3742410">
    <ele>1436.0</ele>
   </trkpt>
   <trkpt lat="27.6096220" lon="85.3742500">
    <ele>1436.0</ele>
   </trkpt>
   <trkpt lat="27.6096370" lon="85.3742780">
    <ele>1436.0</ele>
   </trkpt>
   <trkpt lat="27.6096410" lon="85.3742870">
    <ele>1436.0</ele>
   </trkpt>
   <trkpt lat="27.6096460" lon="85.3742960">
    <ele>1436.0</ele>
   </trkpt>
   <trkpt lat="27.6096500" lon="85.3743060">
    <ele>1436.0</ele>
   </trkpt>
   <trkpt lat="27.6096610" lon="85.3743320">
    <ele>1436.0</ele>
   </trkpt>
   <trkpt lat="27.6096640" lon="85.3743400">
    <ele>1437.0</ele>
   </trkpt>
   <trkpt lat="27.6096680" lon="85.3743490">
    <ele>1437.0</ele>
   </trkpt>
   <trkpt lat="27.6096710" lon="85.3743580">
    <ele>1437.0</ele>
   </trkpt>
   <trkpt lat="27.6096820" lon="85.3743830">
    <ele>1437.0</ele>
   </trkpt>
   <trkpt lat="27.6096860" lon="85.3743900">
    <ele>1437.0</ele>
   </trkpt>
   <trkpt lat="27.6096910" lon="85.3743980">
    <ele>1437.0</ele>
   </trkpt>
   <trkpt lat="27.6096950" lon="85.3744050">
    <ele>1437.0</ele>
   </trkpt>
   <trkpt lat="27.6097080" lon="85.3744280">
    <ele>1437.0</ele>
   </trkpt>
   <trkpt lat="27.6097110" lon="85.3744350">
    <ele>1438.0</ele>
   </trkpt>
   <trkpt lat="27.6097140" lon="85.3744430">
    <ele>1438.0</ele>
   </trkpt>
   <trkpt lat="27.6097170" lon="85.3744510">
    <ele>1438.0</ele>
   </trkpt>
   <trkpt lat="27.6097270" lon="85.3744740">
    <ele>1438.0</ele>
   </trkpt>
   <trkpt lat="27.6097300" lon="85.3744830">
    <ele>1438.0</ele>
   </trkpt>
   <trkpt lat="27.6097330" lon="85.3744910">
    <ele>1438.0</ele>
   </trkpt>
   <trkpt lat="27.6097360" lon="85.3745000">
    <ele>1438.0</ele>
   </trkpt>
   <trkpt lat="27.6097490" lon="85.3745270">
    <ele>1438.0</ele>
   </trkpt>
   <trkpt lat="27.6097550" lon="85.3745350">
    <ele>1438.0</ele>
   </trkpt>
   <trkpt lat="27.6097610" lon="85.3745440">
    <ele>1438.0</ele>
   </trkpt>
   <trkpt lat="27.6097670" lon="85.3745520">
    <ele>1438.0</ele>
   </trkpt>
   <trkpt lat="27.6097930" lon="85.3745750">
    <ele>1438.0</ele>
   </trkpt>
   <trkpt lat="27.6098050" lon="85.3745810">
    <ele>1438.0</ele>
   </trkpt>
   <trkpt lat="27.6098180" lon="85.3745870">
    <ele>1438.0</ele>
   </trkpt>
   <trkpt lat="27.6098310" lon="85.3745920">
    <ele>1438.0</ele>
   </trkpt>
   <trkpt lat="27.6098700" lon="85.3746000">
    <ele>1438.0</ele>
   </trkpt>
   <trkpt lat="27.6098830" lon="85.3746020">
    <ele>1438.0</ele>
   </trkpt>
   <trkpt lat="27.6098960" lon="85.3746030">
    <ele>1438.0</ele>
   </trkpt>
   <trkpt lat="27.6099090" lon="85.3746050">
    <ele>1438.0</ele>
   </trkpt>
   <trkpt lat="27.6099460" lon="85.3746130">
    <ele>1438.0</ele>
   </trkpt>
   <trkpt lat="27.6099570" lon="85.3746170">
    <ele>1438.0</ele>
   </trkpt>
   <trkpt lat="27.6099690" lon="85.3746200">
    <ele>1438.0</ele>
   </trkpt>
   <trkpt lat="27.6099800" lon="85.3746240">
    <ele>1438.0</ele>
   </trkpt>
   <trkpt lat="27.6100090" lon="85.3746420">
    <ele>1438.0</ele>
   </trkpt>
   <trkpt lat="27.6100170" lon="85.3746470">
    <ele>1439.0</ele>
   </trkpt>
   <trkpt lat="27.6100260" lon="85.3746530">
    <ele>1439.0</ele>
   </trkpt>
   <trkpt lat="27.6100350" lon="85.3746590">
    <ele>1439.0</ele>
   </trkpt>
   <trkpt lat="27.6100560" lon="85.3746770">
    <ele>1439.0</ele>
   </trkpt>
   <trkpt lat="27.6100610" lon="85.3746850">
    <ele>1439.0</ele>
   </trkpt>
   <trkpt lat="27.6100660" lon="85.3746920">
    <ele>1439.0</ele>
   </trkpt>
   <trkpt lat="27.6100710" lon="85.3747000">
    <ele>1439.0</ele>
   </trkpt>
   <trkpt lat="27.6100840" lon="85.3747280">
    <ele>1439.0</ele>
   </trkpt>
   <trkpt lat="27.6100890" lon="85.3747380">
    <ele>1439.0</ele>
   </trkpt>
   <trkpt lat="27.6100940" lon="85.3747480">
    <ele>1439.0</ele>
   </trkpt>
   <trkpt lat="27.6100990" lon="85.3747580">
    <ele>1439.0</ele>
   </trkpt>
   <trkpt lat="27.6101130" lon="85.3747860">
    <ele>1439.0</ele>
   </trkpt>
   <trkpt lat="27.6101180" lon="85.3747940">
    <ele>1439.0</ele>
   </trkpt>
   <trkpt lat="27.6101220" lon="85.3748020">
    <ele>1439.0</ele>
   </trkpt>
   <trkpt lat="27.6101260" lon="85.3748110">
    <ele>1439.0</ele>
   </trkpt>
   <trkpt lat="27.6101370" lon="85.3748370">
    <ele>1439.0</ele>
   </trkpt>
   <trkpt lat="27.6101410" lon="85.3748480">
    <ele>1439.0</ele>
   </trkpt>
   <trkpt lat="27.6101450" lon="85.3748590">
    <ele>1439.0</ele>
   </trkpt>
   <trkpt lat="27.6101490" lon="85.3748700">
    <ele>1439.0</ele>
   </trkpt>
   <trkpt lat="27.6101640" lon="85.3749070">
    <ele>1439.0</ele>
   </trkpt>
   <trkpt lat="27.6101700" lon="85.3749170">
    <ele>1439.0</ele>
   </trkpt>
   <trkpt lat="27.6101770" lon="85.3749280">
    <ele>1439.0</ele>
   </trkpt>
   <trkpt lat="27.6101830" lon="85.3749390">
    <ele>1439.0</ele>
   </trkpt>
   <trkpt lat="27.6102030" lon="85.3749660">
    <ele>1439.0</ele>
   </trkpt>
   <trkpt lat="27.6102090" lon="85.3749750">
    <ele>1439.0</ele>
   </trkpt>
   <trkpt lat="27.6102150" lon="85.3749840">
    <ele>1439.0</ele>
   </trkpt>
   <trkpt lat="27.6102210" lon="85.3749930">
    <ele>1439.0</ele>
   </trkpt>
   <trkpt lat="27.6102400" lon="85.3750190">
    <ele>1439.0</ele>
   </trkpt>
   <trkpt lat="27.6102470" lon="85.3750280">
    <ele>1439.0</ele>
   </trkpt>
   <trkpt lat="27.6102540" lon="85.3750360">
    <ele>1439.0</ele>
   </trkpt>
   <trkpt lat="27.6102610" lon="85.3750450">
    <ele>1439.0</ele>
   </trkpt>
   <trkpt lat="27.6102840" lon="85.3750690">
    <ele>1439.0</ele>
   </trkpt>
   <trkpt lat="27.6102920" lon="85.3750770">
    <ele>1439.0</ele>
   </trkpt>
   <trkpt lat="27.6103000" lon="85.3750860">
    <ele>1439.0</ele>
   </trkpt>
   <trkpt lat="27.6103080" lon="85.3750940">
    <ele>1439.0</ele>
   </trkpt>
   <trkpt lat="27.6103310" lon="85.3751130">
    <ele>1439.0</ele>
   </trkpt>
   <trkpt lat="27.6103380" lon="85.3751160">
    <ele>1439.0</ele>
   </trkpt>
   <trkpt lat="27.6103460" lon="85.3751200">
    <ele>1439.0</ele>
   </trkpt>
   <trkpt lat="27.6103530" lon="85.3751230">
    <ele>1439.0</ele>
   </trkpt>
   <trkpt lat="27.6103770" lon="85.3751260">
    <ele>1439.0</ele>
   </trkpt>
   <trkpt lat="27.6103850" lon="85.3751250">
    <ele>1439.0</ele>
   </trkpt>
   <trkpt lat="27.6103930" lon="85.3751240">
    <ele>1439.0</ele>
   </trkpt>
   <trkpt lat="27.6104000" lon="85.3751230">
    <ele>1439.0</ele>
   </trkpt>
   <trkpt lat="27.6104250" lon="85.3751170">
    <ele>1439.0</ele>
   </trkpt>
   <trkpt lat="27.6104340" lon="85.3751150">
    <ele>1439.0</ele>
   </trkpt>
   <trkpt lat="27.6104420" lon="85.3751120">
    <ele>1439.0</ele>
   </trkpt>
   <trkpt lat="27.6104510" lon="85.3751100">
    <ele>1439.0</ele>
   </trkpt>
   <trkpt lat="27.6104790" lon="85.3751020">
    <ele>1439.0</ele>
   </trkpt>
   <trkpt lat="27.6104890" lon="85.3751000">
    <ele>1440.0</ele>
   </trkpt>
   <trkpt lat="27.6104980" lon="85.3750990">
    <ele>1440.0</ele>
   </trkpt>
   <trkpt lat="27.6105080" lon="85.3750980">
    <ele>1440.0</ele>
   </trkpt>
   <trkpt lat="27.6105370" lon="85.3751070">
    <ele>1440.0</ele>
   </trkpt>
   <trkpt lat="27.6105460" lon="85.3751140">
    <ele>1440.0</ele>
   </trkpt>
   <trkpt lat="27.6105540" lon="85.3751220">
    <ele>1440.0</ele>
   </trkpt>
   <trkpt lat="27.6105630" lon="85.3751300">
    <ele>1440.0</ele>
   </trkpt>
   <trkpt lat="27.6105820" lon="85.3751630">
    <ele>1440.0</ele>
   </trkpt>
   <trkpt lat="27.6105870" lon="85.3751750">
    <ele>1440.0</ele>
   </trkpt>
   <trkpt lat="27.6105920" lon="85.3751870">
    <ele>1440.0</ele>
   </trkpt>
   <trkpt lat="27.6105960" lon="85.3751990">
    <ele>1440.0</ele>
   </trkpt>
   <trkpt lat="27.6106080" lon="85.3752340">
    <ele>1440.0</ele>
   </trkpt>
   <trkpt lat="27.6106140" lon="85.3752450">
    <ele>1440.0</ele>
   </trkpt>
   <trkpt lat="27.6106200" lon="85.3752560">
    <ele>1440.0</ele>
   </trkpt>
   <trkpt lat="27.6106260" lon="85.3752660">
    <ele>1440.0</ele>
   </trkpt>
   <trkpt lat="27.6106470" lon="85.3752930">
    <ele>1440.0</ele>
   </trkpt>
   <trkpt lat="27.6106540" lon="85.3753010">
    <ele>1440.0</ele>
   </trkpt>
   <trkpt lat="27.6106620" lon="85.3753090">
    <ele>1440.0</ele>
   </trkpt>
   <trkpt lat="27.6106690" lon="85.3753170">
    <ele>1440.0</ele>
   </trkpt>
   <trkpt lat="27.6106910" lon="85.3753370">
    <ele>1440.0</ele>
   </trkpt>
   <trkpt lat="27.6107000" lon="85.3753430">
    <ele>1440.0</ele>
   </trkpt>
   <trkpt lat="27.6107080" lon="85.3753480">
    <ele>1440.0</ele>
   </trkpt>
   <trkpt lat="27.6107160" lon="85.3753540">
    <ele>1440.0</ele>
   </trkpt>
   <trkpt lat="27.6107420" lon="85.3753690">
    <ele>1440.0</ele>
   </trkpt>
   <trkpt lat="27.6107500" lon="85.3753740">
    <ele>1440.0</ele>
   </trkpt>
   <trkpt lat="27.6107580" lon="85.3753790">
    <ele>1440.0</ele>
   </trkpt>
   <trkpt lat="27.6107660" lon="85.3753840">
    <ele>1440.0</ele>
   </trkpt>
   <trkpt lat="27.6107830" lon="85.3754020">
    <ele>1440.0</ele>
   </trkpt>
   <trkpt lat="27.6107870" lon="85.3754110">
    <ele>1440.0</ele>
   </trkpt>
   <trkpt lat="27.6107910" lon="85.3754200">
    <ele>1439.0</ele>
   </trkpt>
   <trkpt lat="27.6107940" lon="85.3754290">
    <ele>1439.0</ele>
   </trkpt>
   <trkpt lat="27.6108080" lon="85.3754620">
    <ele>1439.0</ele>
   </trkpt>
   <trkpt lat="27.6108130" lon="85.3754710">
    <ele>1439.0</ele>
   </trkpt>
   <trkpt lat="27.6108190" lon="85.3754800">
    <ele>1439.0</ele>
   </trkpt>
   <trkpt lat="27.6108250" lon="85.3754890">
    <ele>1439.0</ele>
   </trkpt>
   <trkpt lat="27.6108460" lon="85.3755100">
    <ele>1439.0</ele>
   </trkpt>
   <trkpt lat="27.6108540" lon="85.3755150">
    <ele>1440.0</ele>
   </trkpt>
   <trkpt lat="27.6108610" lon="85.3755190">
    <ele>1440.0</ele>
   </trkpt>
   <trkpt lat="27.6108690" lon="85.3755240">
    <ele>1440.0</ele>
   </trkpt>
   <trkpt lat="27.6108940" lon="85.3755350">
    <ele>1440.0</ele>
   </trkpt>
   <trkpt lat="27.6109040" lon="85.3755390">
    <ele>1440.0</ele>
   </trkpt>
   <trkpt lat="27.6109140" lon="85.3755420">
    <ele>1440.0</ele>
   </trkpt>
   <trkpt lat="27.6109240" lon="85.3755450">
    <ele>1440.0</ele>
   </trkpt>
   <trkpt lat="27.6109610" lon="85.3755550">
    <ele>1440.0</ele>
   </trkpt>
   <trkpt lat="27.6109740" lon="85.3755580">
    <ele>1440.0</ele>
   </trkpt>
   <trkpt lat="27.6109860" lon="85.3755610">
    <ele>1440.0</ele>
   </trkpt>
   <trkpt lat="27.6109990" lon="85.3755640">
    <ele>1440.0</ele>
   </trkpt>
   <trkpt lat="27.6110380" lon="85.3755770">
    <ele>1440.0</ele>
   </trkpt>
   <trkpt lat="27.6110520" lon="85.3755820">
    <ele>1440.0</ele>
   </trkpt>
   <trkpt lat="27.6110660" lon="85.3755880">
    <ele>1440.0</ele>
   </trkpt>
   <trkpt lat="27.6110800" lon="85.3755930">
    <ele>1440.0</ele>
   </trkpt>
   <trkpt lat="27.6111210" lon="85.3756080">
    <ele>1440.0</ele>
   </trkpt>
   <trkpt lat="27.6111350" lon="85.3756130">
    <ele>1440.0</ele>
   </trkpt>
   <trkpt lat="27.6111490" lon="85.3756180">
    <ele>1440.0</ele>
   </trkpt>
   <trkpt lat="27.6111640" lon="85.3756230">
    <ele>1440.0</ele>
   </trkpt>
   <trkpt lat="27.6112070" lon="85.3756390">
    <ele>1440.0</ele>
   </trkpt>
   <trkpt lat="27.6112210" lon="85.3756430">
    <ele>1441.0</ele>
   </trkpt>
   <trkpt lat="27.6112350" lon="85.3756470">
    <ele>1441.0</ele>
   </trkpt>
   <trkpt lat="27.6112500" lon="85.3756510">
    <ele>1441.0</ele>
   </trkpt>
   <trkpt lat="27.6112910" lon="85.3756610">
    <ele>1441.0</ele>
   </trkpt>
   <trkpt lat="27.6113050" lon="85.3756640">
    <ele>1441.0</ele>
   </trkpt>
   <trkpt lat="27.6113180" lon="85.3756680">
    <ele>1441.0</ele>
   </trkpt>
   <trkpt lat="27.6113320" lon="85.3756710">
    <ele>1441.0</ele>
   </trkpt>
   <trkpt lat="27.6113730" lon="85.3756840">
    <ele>1441.0</ele>
   </trkpt>
   <trkpt lat="27.6113870" lon="85.3756880">
    <ele>1441.0</ele>
   </trkpt>
   <trkpt lat="27.6114000" lon="85.3756930">
    <ele>1441.0</ele>
   </trkpt>
   <trkpt lat="27.6114140" lon="85.3756970">
    <ele>1441.0</ele>
   </trkpt>
   <trkpt lat="27.6114530" lon="85.3757100">
    <ele>1441.0</ele>
   </trkpt>
   <trkpt lat="27.6114670" lon="85.3757140">
    <ele>1441.0</ele>
   </trkpt>
   <trkpt lat="27.6114800" lon="85.3757190">
    <ele>1441.0</ele>
   </trkpt>
   <trkpt lat="27.6114930" lon="85.3757230">
    <ele>1441.0</ele>
   </trkpt>
   <trkpt lat="27.6115380" lon="85.3757380">
    <ele>1441.0</ele>
   </trkpt>
   <trkpt lat="27.6115530" lon="85.3757430">
    <ele>1441.0</ele>
   </trkpt>
   <trkpt lat="27.6115680" lon="85.3757470">
    <ele>1441.0</ele>
   </trkpt>
   <trkpt lat="27.6115840" lon="85.3757510">
    <ele>1441.0</ele>
   </trkpt>
   <trkpt lat="27.6116280" lon="85.3757620">
    <ele>1441.0</ele>
   </trkpt>
   <trkpt lat="27.6116420" lon="85.3757660">
    <ele>1441.0</ele>
   </trkpt>
   <trkpt lat="27.6116570" lon="85.3757690">
    <ele>1441.0</ele>
   </trkpt>
   <trkpt lat="27.6116710" lon="85.3757730">
    <ele>1441.0</ele>
   </trkpt>
   <trkpt lat="27.6117130" lon="85.3757780">
    <ele>1441.0</ele>
   </trkpt>
   <trkpt lat="27.6117270" lon="85.3757790">
    <ele>1441.0</ele>
   </trkpt>
   <trkpt lat="27.6117410" lon="85.3757790">
    <ele>1441.0</ele>
   </trkpt>
   <trkpt lat="27.6117550" lon="85.3757800">
    <ele>1441.0</ele>
   </trkpt>
   <trkpt lat="27.6117970" lon="85.3757790">
    <ele>1441.0</ele>
   </trkpt>
   <trkpt lat="27.6118120" lon="85.3757790">
    <ele>1441.0</ele>
   </trkpt>
   <trkpt lat="27.6118260" lon="85.3757780">
    <ele>1441.0</ele>
   </trkpt>
   <trkpt lat="27.6118400" lon="85.3757770">
    <ele>1441.0</ele>
   </trkpt>
   <trkpt lat="27.6118770" lon="85.3757720">
    <ele>1441.0</ele>
   </trkpt>
   <trkpt lat="27.6118870" lon="85.3757700">
    <ele>1441.0</ele>
   </trkpt>
   <trkpt lat="27.6118960" lon="85.3757670">
    <ele>1441.0</ele>
   </trkpt>
   <trkpt lat="27.6119060" lon="85.3757650">
    <ele>1441.0</ele>
   </trkpt>
   <trkpt lat="27.6119320" lon="85.3757610">
    <ele>1441.0</ele>
   </trkpt>
   <trkpt lat="27.6119400" lon="85.3757600">
    <ele>1441.0</ele>
   </trkpt>
   <trkpt lat="27.6119480" lon="85.3757600">
    <ele>1441.0</ele>
   </trkpt>
   <trkpt lat="27.6119570" lon="85.3757590">
    <ele>1441.0</ele>
   </trkpt>
   <trkpt lat="27.6119840" lon="85.3757580">
    <ele>1441.0</ele>
   </trkpt>
   <trkpt lat="27.6119940" lon="85.3757580">
    <ele>1441.0</ele>
   </trkpt>
   <trkpt lat="27.6120040" lon="85.3757570">
    <ele>1441.0</ele>
   </trkpt>
   <trkpt lat="27.6120130" lon="85.3757570">
    <ele>1441.0</ele>
   </trkpt>
   <trkpt lat="27.6120440" lon="85.3757540">
    <ele>1441.0</ele>
   </trkpt>
   <trkpt lat="27.6120540" lon="85.3757530">
    <ele>1441.0</ele>
   </trkpt>
   <trkpt lat="27.6120640" lon="85.3757520">
    <ele>1441.0</ele>
   </trkpt>
   <trkpt lat="27.6120750" lon="85.3757510">
    <ele>1441.0</ele>
   </trkpt>
   <trkpt lat="27.6121070" lon="85.3757500">
    <ele>1441.0</ele>
   </trkpt>
   <trkpt lat="27.6121170" lon="85.3757500">
    <ele>1442.0</ele>
   </trkpt>
   <trkpt lat="27.6121280" lon="85.3757490">
    <ele>1442.0</ele>
   </trkpt>
   <trkpt lat="27.6121380" lon="85.3757490">
    <ele>1442.0</ele>
   </trkpt>
   <trkpt lat="27.6121690" lon="85.3757480">
    <ele>1442.0</ele>
   </trkpt>
   <trkpt lat="27.6121790" lon="85.3757490">
    <ele>1442.0</ele>
   </trkpt>
   <trkpt lat="27.6121890" lon="85.3757490">
    <ele>1442.0</ele>
   </trkpt>
   <trkpt lat="27.6121980" lon="85.3757490">
    <ele>1442.0</ele>
   </trkpt>
   <trkpt lat="27.6122250" lon="85.3757540">
    <ele>1442.0</ele>
   </trkpt>
   <trkpt lat="27.6122330" lon="85.3757560">
    <ele>1442.0</ele>
   </trkpt>
   <trkpt lat="27.6122420" lon="85.3757580">
    <ele>1442.0</ele>
   </trkpt>
   <trkpt lat="27.6122500" lon="85.3757600">
    <ele>1442.0</ele>
   </trkpt>
   <trkpt lat="27.6122760" lon="85.3757610">
    <ele>1442.0</ele>
   </trkpt>
   <trkpt lat="27.6122860" lon="85.3757600">
    <ele>1442.0</ele>
   </trkpt>
   <trkpt lat="27.6122950" lon="85.3757600">
    <ele>1442.0</ele>
   </trkpt>
   <trkpt lat="27.6123050" lon="85.3757590">
    <ele>1442.0</ele>
   </trkpt>
   <trkpt lat="27.6123340" lon="85.3757560">
    <ele>1442.0</ele>
   </trkpt>
   <trkpt lat="27.6123430" lon="85.3757550">
    <ele>1442.0</ele>
   </trkpt>
   <trkpt lat="27.6123520" lon="85.3757530">
    <ele>1442.0</ele>
   </trkpt>
   <trkpt lat="27.6123610" lon="85.3757520">
    <ele>1442.0</ele>
   </trkpt>
   <trkpt lat="27.6123890" lon="85.3757440">
    <ele>1442.0</ele>
   </trkpt>
   <trkpt lat="27.6123990" lon="85.3757410">
    <ele>1443.0</ele>
   </trkpt>
   <trkpt lat="27.6124090" lon="85.3757380">
    <ele>1443.0</ele>
   </trkpt>
   <trkpt lat="27.6124190" lon="85.3757350">
    <ele>1443.0</ele>
   </trkpt>
   <trkpt lat="27.6124510" lon="85.3757260">
    <ele>1443.0</ele>
   </trkpt>
   <trkpt lat="27.6124620" lon="85.3757230">
    <ele>1443.0</ele>
   </trkpt>
   <trkpt lat="27.6124720" lon="85.3757210">
    <ele>1443.0</ele>
   </trkpt>
   <trkpt lat="27.6124830" lon="85.3757180">
    <ele>1443.0</ele>
   </trkpt>
   <trkpt lat="27.6125140" lon="85.3757100">
    <ele>1443.0</ele>
   </trkpt>
   <trkpt lat="27.6125240" lon="85.3757080">
    <ele>1443.0</ele>
   </trkpt>
   <trkpt lat="27.6125350" lon="85.3757070">
    <ele>1443.0</ele>
   </trkpt>
   <trkpt lat="27.6125450" lon="85.3757050">
    <ele>1443.0</ele>
   </trkpt>
   <trkpt lat="27.6125790" lon="85.3757000">
    <ele>1443.0</ele>
   </trkpt>
   <trkpt lat="27.6125890" lon="85.3756980">
    <ele>1444.0</ele>
   </trkpt>
   <trkpt lat="27.6125990" lon="85.3756960">
    <ele>1444.0</ele>
   </trkpt>
   <trkpt lat="27.6126090" lon="85.3756940">
    <ele>1444.0</ele>
   </trkpt>
   <trkpt lat="27.6126350" lon="85.3756880">
    <ele>1444.0</ele>
   </trkpt>
   <trkpt lat="27.6126430" lon="85.3756850">
    <ele>1444.0</ele>
   </trkpt>
   <trkpt lat="27.6126520" lon="85.3756830">
    <ele>1444.0</ele>
   </trkpt>
   <trkpt lat="27.6126600" lon="85.3756800">
    <ele>1444.0</ele>
   </trkpt>
   <trkpt lat="27.6126840" lon="85.3756720">
    <ele>1444.0</ele>
   </trkpt>
   <trkpt lat="27.6126920" lon="85.3756690">
    <ele>1445.0</ele>
   </trkpt>
   <trkpt lat="27.6127000" lon="85.3756660">
    <ele>1445.0</ele>
   </trkpt>
   <trkpt lat="27.6127070" lon="85.3756630">
    <ele>1445.0</ele>
   </trkpt>
   <trkpt lat="27.6127340" lon="85.3756540">
    <ele>1445.0</ele>
   </trkpt>
   <trkpt lat="27.6127430" lon="85.3756510">
    <ele>1445.0</ele>
   </trkpt>
   <trkpt lat="27.6127520" lon="85.3756490">
    <ele>1445.0</ele>
   </trkpt>
   <trkpt lat="27.6127610" lon="85.3756460">
    <ele>1445.0</ele>
   </trkpt>
   <trkpt lat="27.6127870" lon="85.3756380">
    <ele>1445.0</ele>
   </trkpt>
   <trkpt lat="27.6127940" lon="85.3756340">
    <ele>1445.0</ele>
   </trkpt>
   <trkpt lat="27.6128010" lon="85.3756300">
    <ele>1445.0</ele>
   </trkpt>
   <trkpt lat="27.6128090" lon="85.3756260">
    <ele>1445.0</ele>
   </trkpt>
   <trkpt lat="27.6128290" lon="85.3756050">
    <ele>1445.0</ele>
   </trkpt>
   <trkpt lat="27.6128360" lon="85.3755970">
    <ele>1446.0</ele>
   </trkpt>
   <trkpt lat="27.6128420" lon="85.3755880">
    <ele>1446.0</ele>
   </trkpt>
   <trkpt lat="27.6128490" lon="85.3755800">
    <ele>1446.0</ele>
   </trkpt>
   <trkpt lat="27.6128700" lon="85.3755550">
    <ele>1446.0</ele>
   </trkpt>
   <trkpt lat="27.6128790" lon="85.3755480">
    <ele>1446.0</ele>
   </trkpt>
   <trkpt lat="27.6128880" lon="85.3755410">
    <ele>1446.0</ele>
   </trkpt>
   <trkpt lat="27.6128980" lon="85.3755330">
    <ele>1446.0</ele>
   </trkpt>
   <trkpt lat="27.6129310" lon="85.3755210">
    <ele>1446.0</ele>
   </trkpt>
   <trkpt lat="27.6129410" lon="85.3755190">
    <ele>1446.0</ele>
   </trkpt>
   <trkpt lat="27.6129520" lon="85.3755180">
    <ele>1446.0</ele>
   </trkpt>
   <trkpt lat="27.6129630" lon="85.3755170">
    <ele>1446.0</ele>
   </trkpt>
   <trkpt lat="27.6129880" lon="85.3755130">
    <ele>1446.0</ele>
   </trkpt>
   <trkpt lat="27.6129950" lon="85.3755110">
    <ele>1446.0</ele>
   </trkpt>
   <trkpt lat="27.6130030" lon="85.3755090">
    <ele>1446.0</ele>
   </trkpt>
   <trkpt lat="27.6130100" lon="85.3755070">
    <ele>1446.0</ele>
   </trkpt>
   <trkpt lat="27.6130330" lon="85.3755040">
    <ele>1446.0</ele>
   </trkpt>
   <trkpt lat="27.6130410" lon="85.3755060">
    <ele>1447.0</ele>
   </trkpt>
   <trkpt lat="27.6130500" lon="85.3755080">
    <ele>1447.0</ele>
   </trkpt>
   <trkpt lat="27.6130580" lon="85.3755090">
    <ele>1447.0</ele>
   </trkpt>
   <trkpt lat="27.6130850" lon="85.3755220">
    <ele>1447.0</ele>
   </trkpt>
   <trkpt lat="27.6130920" lon="85.3755280">
    <ele>1447.0</ele>
   </trkpt>
   <trkpt lat="27.6131000" lon="85.3755350">
    <ele>1447.0</ele>
   </trkpt>
   <trkpt lat="27.6131080" lon="85.3755410">
    <ele>1447.0</ele>
   </trkpt>
   <trkpt lat="27.6131300" lon="85.3755580">
    <ele>1447.0</ele>
   </trkpt>
   <trkpt lat="27.6131390" lon="85.3755630">
    <ele>1447.0</ele>
   </trkpt>
   <trkpt lat="27.6131480" lon="85.3755670">
    <ele>1447.0</ele>
   </trkpt>
   <trkpt lat="27.6131570" lon="85.3755720">
    <ele>1447.0</ele>
   </trkpt>
   <trkpt lat="27.6131840" lon="85.3755840">
    <ele>1447.0</ele>
   </trkpt>
   <trkpt lat="27.6131930" lon="85.3755900">
    <ele>1447.0</ele>
   </trkpt>
   <trkpt lat="27.6132020" lon="85.3755960">
    <ele>1447.0</ele>
   </trkpt>
   <trkpt lat="27.6132120" lon="85.3756020">
    <ele>1447.0</ele>
   </trkpt>
   <trkpt lat="27.6132400" lon="85.3756230">
    <ele>1447.0</ele>
   </trkpt>
   <trkpt lat="27.6132500" lon="85.3756300">
    <ele>1447.0</ele>
   </trkpt>
   <trkpt lat="27.6132590" lon="85.3756360">
    <ele>1447.0</ele>
   </trkpt>
   <trkpt lat="27.6132690" lon="85.3756430">
    <ele>1447.0</ele>
   </trkpt>
   <trkpt lat="27.6132960" lon="85.3756640">
    <ele>1447.0</ele>
   </trkpt>
   <trkpt lat="27.6133020" lon="85.3756730">
    <ele>1447.0</ele>
   </trkpt>
   <trkpt lat="27.6133090" lon="85.3756810">
    <ele>1447.0</ele>
   </trkpt>
   <trkpt lat="27.6133150" lon="85.3756890">
    <ele>1447.0</ele>
   </trkpt>
   <trkpt lat="27.6133340" lon="85.3757090">
    <ele>1447.0</ele>
   </trkpt>
   <trkpt lat="27.6133410" lon="85.3757140">
    <ele>1447.0</ele>
   </trkpt>
   <trkpt lat="27.6133490" lon="85.3757180">
    <ele>1447.0</ele>
   </trkpt>
   <trkpt lat="27.6133560" lon="85.3757220">
    <ele>1447.0</ele>
   </trkpt>
   <trkpt lat="27.6133800" lon="85.3757380">
    <ele>1447.0</ele>
   </trkpt>
   <trkpt lat="27.6133870" lon="85.3757440">
    <ele>1447.0</ele>
   </trkpt>
   <trkpt lat="27.6133940" lon="85.3757510">
    <ele>1447.0</ele>
   </trkpt>
   <trkpt lat="27.6134010" lon="85.3757570">
    <ele>1447.0</ele>
   </trkpt>
   <trkpt lat="27.6134160" lon="85.3757820">
    <ele>1447.0</ele>
   </trkpt>
   <trkpt lat="27.6134220" lon="85.3757900">
    <ele>1447.0</ele>
   </trkpt>
   <trkpt lat="27.6134270" lon="85.3757980">
    <ele>1447.0</ele>
   </trkpt>
   <trkpt lat="27.6134330" lon="85.3758060">
    <ele>1447.0</ele>
   </trkpt>
   <trkpt lat="27.6134550" lon="85.3758200">
    <ele>1447.0</ele>
   </trkpt>
   <trkpt lat="27.6134630" lon="85.3758220">
    <ele>1447.0</ele>
   </trkpt>
   <trkpt lat="27.6134720" lon="85.3758240">
    <ele>1447.0</ele>
   </trkpt>
   <trkpt lat="27.6134810" lon="85.3758250">
    <ele>1447.0</ele>
   </trkpt>
   <trkpt lat="27.6135130" lon="85.3758270">
    <ele>1447.0</ele>
   </trkpt>
   <trkpt lat="27.6135230" lon="85.3758280">
    <ele>1447.0</ele>
   </trkpt>
   <trkpt lat="27.6135330" lon="85.3758290">
    <ele>1447.0</ele>
   </trkpt>
   <trkpt lat="27.6135430" lon="85.3758310">
    <ele>1447.0</ele>
   </trkpt>
   <trkpt lat="27.6135730" lon="85.3758420">
    <ele>1447.0</ele>
   </trkpt>
   <trkpt lat="27.6135830" lon="85.3758470">
    <ele>1447.0</ele>
   </trkpt>
   <trkpt lat="27.6135930" lon="85.3758520">
    <ele>1447.0</ele>
   </trkpt>
   <trkpt lat="27.6136020" lon="85.3758570">
    <ele>1447.0</ele>
   </trkpt>
   <trkpt lat="27.6136320" lon="85.3758710">
    <ele>1447.0</ele>
   </trkpt>
   <trkpt lat="27.6136430" lon="85.3758750">
    <ele>1447.0</ele>
   </trkpt>
   <trkpt lat="27.6136540" lon="85.3758800">
    <ele>1447.0</ele>
   </trkpt>
   <trkpt lat="27.6136650" lon="85.3758840">
    <ele>1447.0</ele>
   </trkpt>
   <trkpt lat="27.6136950" lon="85.3759090">
    <ele>1447.0</ele>
   </trkpt>
   <trkpt lat="27.6137050" lon="85.3759210">
    <ele>1448.0</ele>
   </trkpt>
   <trkpt lat="27.6137140" lon="85.3759320">
    <ele>1448.0</ele>
   </trkpt>
   <trkpt lat="27.6137240" lon="85.3759440">
    <ele>1448.0</ele>
   </trkpt>
   <trkpt lat="27.6137530" lon="85.3759770">
    <ele>1448.0</ele>
   </trkpt>
   <trkpt lat="27.6137640" lon="85.3759860">
    <ele>1448.0</ele>
   </trkpt>
   <trkpt lat="27.6137760" lon="85.3759950">
    <ele>1448.0</ele>
   </trkpt>
   <trkpt lat="27.6137870" lon="85.3760040">
    <ele>1448.0</ele>
   </trkpt>
   <trkpt lat="27.6138290" lon="85.3760280">
    <ele>1448.0</ele>
   </trkpt>
   <trkpt lat="27.6138430" lon="85.3760370">
    <ele>1448.0</ele>
   </trkpt>
   <trkpt lat="27.6138570" lon="85.3760450">
    <ele>1448.0</ele>
   </trkpt>
   <trkpt lat="27.6138710" lon="85.3760550">
    <ele>1448.0</ele>
   </trkpt>
   <trkpt lat="27.6139090" lon="85.3760850">
    <ele>1448.0</ele>
   </trkpt>
   <trkpt lat="27.6139220" lon="85.3760940">
    <ele>1448.0</ele>
   </trkpt>
   <trkpt lat="27.6139350" lon="85.3761030">
    <ele>1448.0</ele>
   </trkpt>
   <trkpt lat="27.6139480" lon="85.3761130">
    <ele>1448.0</ele>
   </trkpt>
   <trkpt lat="27.6139880" lon="85.3761400">
    <ele>1448.0</ele>
   </trkpt>
   <trkpt lat="27.6140010" lon="85.3761510">
    <ele>1448.0</ele>
   </trkpt>
   <trkpt lat="27.6140140" lon="85.3761610">
    <ele>1448.0</ele>
   </trkpt>
   <trkpt lat="27.6140280" lon="85.3761720">
    <ele>1448.0</ele>
   </trkpt>
   <trkpt lat="27.6140660" lon="85.3762050">
    <ele>1448.0</ele>
   </trkpt>
   <trkpt lat="27.6140780" lon="85.3762160">
    <ele>1448.0</ele>
   </trkpt>
   <trkpt lat="27.6140900" lon="85.3762270">
    <ele>1448.0</ele>
   </trkpt>
   <trkpt lat="27.6141020" lon="85.3762380">
    <ele>1448.0</ele>
   </trkpt>
   <trkpt lat="27.6141360" lon="85.3762700">
    <ele>1448.0</ele>
   </trkpt>
   <trkpt lat="27.6141480" lon="85.3762810">
    <ele>1448.0</ele>
   </trkpt>
   <trkpt lat="27.6141600" lon="85.3762920">
    <ele>1448.0</ele>
   </trkpt>
   <trkpt lat="27.6141710" lon="85.3763030">
    <ele>1448.0</ele>
   </trkpt>
   <trkpt lat="27.6142070" lon="85.3763390">
    <ele>1448.0</ele>
   </trkpt>
   <trkpt lat="27.6142190" lon="85.3763510">
    <ele>1449.0</ele>
   </trkpt>
   <trkpt lat="27.6142310" lon="85.3763640">
    <ele>1449.0</ele>
   </trkpt>
   <trkpt lat="27.6142430" lon="85.3763760">
    <ele>1449.0</ele>
   </trkpt>
   <trkpt lat="27.6142780" lon="85.3764170">
    <ele>1449.0</ele>
   </trkpt>
   <trkpt lat="27.6142900" lon="85.3764310">
    <ele>1449.0</ele>
   </trkpt>
   <trkpt lat="27.6143010" lon="85.3764450">
    <ele>1449.0</ele>
   </trkpt>
   <trkpt lat="27.6143130" lon="85.3764590">
    <ele>1449.0</ele>
   </trkpt>
   <trkpt lat="27.6143480" lon="85.3764970">
    <ele>1449.0</ele>
   </trkpt>
   <trkpt lat="27.6143600" lon="85.3765080">
    <ele>1449.0</ele>
   </trkpt>
   <trkpt lat="27.6143720" lon="85.3765200">
    <ele>1449.0</ele>
   </trkpt>
   <trkpt lat="27.6143850" lon="85.3765310">
    <ele>1449.0</ele>
   </trkpt>
   <trkpt lat="27.6144220" lon="85.3765670">
    <ele>1449.0</ele>
   </trkpt>
   <trkpt lat="27.6144340" lon="85.3765800">
    <ele>1450.0</ele>
   </trkpt>
   <trkpt lat="27.6144460" lon="85.3765940">
    <ele>1450.0</ele>
   </trkpt>
   <trkpt lat="27.6144570" lon="85.3766070">
    <ele>1450.0</ele>
   </trkpt>
   <trkpt lat="27.6144900" lon="85.3766490">
    <ele>1450.0</ele>
   </trkpt>
   <trkpt lat="27.6145010" lon="85.3766630">
    <ele>1450.0</ele>
   </trkpt>
   <trkpt lat="27.6145110" lon="85.3766770">
    <ele>1450.0</ele>
   </trkpt>
   <trkpt lat="27.6145220" lon="85.3766910">
    <ele>1450.0</ele>
   </trkpt>
   <trkpt lat="27.6145550" lon="85.3767330">
    <ele>1450.0</ele>
   </trkpt>
   <trkpt lat="27.6145660" lon="85.3767480">
    <ele>1450.0</ele>
   </trkpt>
   <trkpt lat="27.6145780" lon="85.3767620">
    <ele>1450.0</ele>
   </trkpt>
   <trkpt lat="27.6145890" lon="85.3767760">
    <ele>1450.0</ele>
   </trkpt>
   <trkpt lat="27.6146220" lon="85.3768170">
    <ele>1450.0</ele>
   </trkpt>
   <trkpt lat="27.6146330" lon="85.3768300">
    <ele>1451.0</ele>
   </trkpt>
   <trkpt lat="27.6146440" lon="85.3768430">
    <ele>1451.0</ele>
   </trkpt>
   <trkpt lat="27.6146550" lon="85.3768550">
    <ele>1451.0</ele>
   </trkpt>
   <trkpt lat="27.6146940" lon="85.3768900">
    <ele>1451.0</ele>
   </trkpt>
   <trkpt lat="27.6147070" lon="85.3769020">
    <ele>1451.0</ele>
   </trkpt>
   <trkpt lat="27.6147200" lon="85.3769130">
    <ele>1451.0</ele>
   </trkpt>
   <trkpt lat="27.6147330" lon="85.3769250">
    <ele>1451.0</ele>
   </trkpt>
   <trkpt lat="27.6147680" lon="85.3769610">
    <ele>1451.0</ele>
   </trkpt>
   <trkpt lat="27.6147780" lon="85.3769740">
    <ele>1452.0</ele>
   </trkpt>
   <trkpt lat="27.6147870" lon="85.3769870">
    <ele>1452.0</ele>
   </trkpt>
   <trkpt lat="27.6147970" lon="85.3770000">
    <ele>1452.0</ele>
   </trkpt>
   <trkpt lat="27.6148210" lon="85.3770440">
    <ele>1452.0</ele>
   </trkpt>
   <trkpt lat="27.6148280" lon="85.3770580">
    <ele>1453.0</ele>
   </trkpt>
   <trkpt lat="27.6148350" lon="85.3770710">
    <ele>1453.0</ele>
   </trkpt>
   <trkpt lat="27.6148410" lon="85.3770850">
    <ele>1453.0</ele>
   </trkpt>
   <trkpt lat="27.6148560" lon="85.3771160">
    <ele>1453.0</ele>
   </trkpt>
   <trkpt lat="27.6148600" lon="85.3771250">
    <ele>1453.0</ele>
   </trkpt>
   <trkpt lat="27.6148640" lon="85.3771350">
    <ele>1453.0</ele>
   </trkpt>
   <trkpt lat="27.6148680" lon="85.3771440">
    <ele>1453.0</ele>
   </trkpt>
   <trkpt lat="27.6148810" lon="85.3771700">
    <ele>1453.0</ele>
   </trkpt>
   <trkpt lat="27.6148860" lon="85.3771790">
    <ele>1453.0</ele>
   </trkpt>
   <trkpt lat="27.6148920" lon="85.3771870">
    <ele>1453.0</ele>
   </trkpt>
   <trkpt lat="27.6148970" lon="85.3771960">
    <ele>1453.0</ele>
   </trkpt>
   <trkpt lat="27.6149170" lon="85.3772190">
    <ele>1453.0</ele>
   </trkpt>
   <trkpt lat="27.6149240" lon="85.3772280">
    <ele>1454.0</ele>
   </trkpt>
   <trkpt lat="27.6149320" lon="85.3772360">
    <ele>1454.0</ele>
   </trkpt>
   <trkpt lat="27.6149390" lon="85.3772440">
    <ele>1454.0</ele>
   </trkpt>
   <trkpt lat="27.6149630" lon="85.3772680">
    <ele>1454.0</ele>
   </trkpt>
   <trkpt lat="27.6149710" lon="85.3772740">
    <ele>1454.0</ele>
   </trkpt>
   <trkpt lat="27.6149800" lon="85.3772800">
    <ele>1454.0</ele>
   </trkpt>
   <trkpt lat="27.6149880" lon="85.3772860">
    <ele>1454.0</ele>
   </trkpt>
   <trkpt lat="27.6150100" lon="85.3773030">
    <ele>1454.0</ele>
   </trkpt>
   <trkpt lat="27.6150170" lon="85.3773080">
    <ele>1454.0</ele>
   </trkpt>
   <trkpt lat="27.6150240" lon="85.3773140">
    <ele>1454.0</ele>
   </trkpt>
   <trkpt lat="27.6150310" lon="85.3773190">
    <ele>1454.0</ele>
   </trkpt>
   <trkpt lat="27.6150520" lon="85.3773350">
    <ele>1454.0</ele>
   </trkpt>
   <trkpt lat="27.6150600" lon="85.3773400">
    <ele>1454.0</ele>
   </trkpt>
   <trkpt lat="27.6150670" lon="85.3773450">
    <ele>1454.0</ele>
   </trkpt>
   <trkpt lat="27.6150750" lon="85.3773500">
    <ele>1454.0</ele>
   </trkpt>
   <trkpt lat="27.6150970" lon="85.3773680">
    <ele>1454.0</ele>
   </trkpt>
   <trkpt lat="27.6151050" lon="85.3773750">
    <ele>1455.0</ele>
   </trkpt>
   <trkpt lat="27.6151120" lon="85.3773810">
    <ele>1455.0</ele>
   </trkpt>
   <trkpt lat="27.6151200" lon="85.3773870">
    <ele>1455.0</ele>
   </trkpt>
   <trkpt lat="27.6151420" lon="85.3774080">
    <ele>1455.0</ele>
   </trkpt>
   <trkpt lat="27.6151490" lon="85.3774140">
    <ele>1455.0</ele>
   </trkpt>
   <trkpt lat="27.6151570" lon="85.3774200">
    <ele>1455.0</ele>
   </trkpt>
   <trkpt lat="27.6151640" lon="85.3774260">
    <ele>1455.0</ele>
   </trkpt>
   <trkpt lat="27.6151880" lon="85.3774480">
    <ele>1455.0</ele>
   </trkpt>
   <trkpt lat="27.6151960" lon="85.3774550">
    <ele>1456.0</ele>
   </trkpt>
   <trkpt lat="27.6152040" lon="85.3774630">
    <ele>1456.0</ele>
   </trkpt>
   <trkpt lat="27.6152120" lon="85.3774710">
    <ele>1456.0</ele>
   </trkpt>
   <trkpt lat="27.6152360" lon="85.3774940">
    <ele>1456.0</ele>
   </trkpt>
   <trkpt lat="27.6152430" lon="85.3775030">
    <ele>1456.0</ele>
   </trkpt>
   <trkpt lat="27.6152510" lon="85.3775120">
    <ele>1456.0</ele>
   </trkpt>
   <trkpt lat="27.6152590" lon="85.3775210">
    <ele>1456.0</ele>
   </trkpt>
   <trkpt lat="27.6152850" lon="85.3775440">
    <ele>1456.0</ele>
   </trkpt>
   <trkpt lat="27.6152940" lon="85.3775500">
    <ele>1456.0</ele>
   </trkpt>
   <trkpt lat="27.6153030" lon="85.3775550">
    <ele>1456.0</ele>
   </trkpt>
   <trkpt lat="27.6153120" lon="85.3775610">
    <ele>1456.0</ele>
   </trkpt>
   <trkpt lat="27.6153380" lon="85.3775760">
    <ele>1456.0</ele>
   </trkpt>
   <trkpt lat="27.6153450" lon="85.3775810">
    <ele>1457.0</ele>
   </trkpt>
   <trkpt lat="27.6153530" lon="85.3775860">
    <ele>1457.0</ele>
   </trkpt>
   <trkpt lat="27.6153600" lon="85.3775920">
    <ele>1457.0</ele>
   </trkpt>
   <trkpt lat="27.6153810" lon="85.3776100">
    <ele>1457.0</ele>
   </trkpt>
   <trkpt lat="27.6153870" lon="85.3776190">
    <ele>1457.0</ele>
   </trkpt>
   <trkpt lat="27.6153930" lon="85.3776270">
    <ele>1457.0</ele>
   </trkpt>
   <trkpt lat="27.6153990" lon="85.3776350">
    <ele>1457.0</ele>
   </trkpt>
   <trkpt lat="27.6154180" lon="85.3776610">
    <ele>1457.0</ele>
   </trkpt>
   <trkpt lat="27.6154240" lon="85.3776690">
    <ele>1458.0</ele>
   </trkpt>
   <trkpt lat="27.6154300" lon="85.3776770">
    <ele>1458.0</ele>
   </trkpt>
   <trkpt lat="27.6154370" lon="85.3776850">
    <ele>1458.0</ele>
   </trkpt>
   <trkpt lat="27.6154540" lon="85.3777120">
    <ele>1458.0</ele>
   </trkpt>
   <trkpt lat="27.6154600" lon="85.3777200">
    <ele>1459.0</ele>
   </trkpt>
   <trkpt lat="27.6154660" lon="85.3777280">
    <ele>1459.0</ele>
   </trkpt>
   <trkpt lat="27.6154720" lon="85.3777360">
    <ele>1459.0</ele>
   </trkpt>
   <trkpt lat="27.6154890" lon="85.3777610">
    <ele>1459.0</ele>
   </trkpt>
   <trkpt lat="27.6154940" lon="85.3777690">
    <ele>1459.0</ele>
   </trkpt>
   <trkpt lat="27.6154990" lon="85.3777780">
    <ele>1459.0</ele>
   </trkpt>
   <trkpt lat="27.6155040" lon="85.3777860">
    <ele>1459.0</ele>
   </trkpt>
   <trkpt lat="27.6155160" lon="85.3778100">
    <ele>1459.0</ele>
   </trkpt>
   <trkpt lat="27.6155200" lon="85.3778180">
    <ele>1459.0</ele>
   </trkpt>
   <trkpt lat="27.6155250" lon="85.3778250">
    <ele>1459.0</ele>
   </trkpt>
   <trkpt lat="27.6155290" lon="85.3778330">
    <ele>1459.0</ele>
   </trkpt>
   <trkpt lat="27.6155450" lon="85.3778550">
    <ele>1459.0</ele>
   </trkpt>
   <trkpt lat="27.6155510" lon="85.3778620">
    <ele>1460.0</ele>
   </trkpt>
   <trkpt lat="27.6155570" lon="85.3778690">
    <ele>1460.0</ele>
   </trkpt>
   <trkpt lat="27.6155630" lon="85.3778760">
    <ele>1460.0</ele>
   </trkpt>
   <trkpt lat="27.6155810" lon="85.3778960">
    <ele>1460.0</ele>
   </trkpt>
   <trkpt lat="27.6155870" lon="85.3779030">
    <ele>1460.0</ele>
   </trkpt>
   <trkpt lat="27.6155930" lon="85.3779090">
    <ele>1460.0</ele>
   </trkpt>
   <trkpt lat="27.6155990" lon="85.3779160">
    <ele>1460.0</ele>
   </trkpt>
   <trkpt lat="27.6156200" lon="85.3779400">
    <ele>1460.0</ele>
   </trkpt>
   <trkpt lat="27.6156280" lon="85.3779480">
    <ele>1460.0</ele>
   </trkpt>
   <trkpt lat="27.6156360" lon="85.3779560">
    <ele>1460.0</ele>
   </trkpt>
   <trkpt lat="27.6156440" lon="85.3779650">
    <ele>1460.0</ele>
   </trkpt>
   <trkpt lat="27.6156690" lon="85.3779900">
    <ele>1460.0</ele>
   </trkpt>
   <trkpt lat="27.6156780" lon="85.3779990">
    <ele>1461.0</ele>
   </trkpt>
   <trkpt lat="27.6156870" lon="85.3780070">
    <ele>1461.0</ele>
   </trkpt>
   <trkpt lat="27.6156960" lon="85.3780160">
    <ele>1461.0</ele>
   </trkpt>
   <trkpt lat="27.6157230" lon="85.3780410">
    <ele>1461.0</ele>
   </trkpt>
   <trkpt lat="27.6157320" lon="85.3780490">
    <ele>1461.0</ele>
   </trkpt>
   <trkpt lat="27.6157400" lon="85.3780580">
    <ele>1461.0</ele>
   </trkpt>
   <trkpt lat="27.6157490" lon="85.3780660">
    <ele>1461.0</ele>
   </trkpt>
   <trkpt lat="27.6157720" lon="85.3780890">
    <ele>1461.0</ele>
   </trkpt>
   <trkpt lat="27.6157790" lon="85.3780960">
    <ele>1462.0</ele>
   </trkpt>
   <trkpt lat="27.6157860" lon="85.3781020">
    <ele>1462.0</ele>
   </trkpt>
   <trkpt lat="27.6157930" lon="85.3781090">
    <ele>1462.0</ele>
   </trkpt>
   <trkpt lat="27.6158100" lon="85.3781270">
    <ele>1462.0</ele>
   </trkpt>
   <trkpt lat="27.6158170" lon="85.3781310">
    <ele>1463.0</ele>
   </trkpt>
   <trkpt lat="27.6158230" lon="85.3781360">
    <ele>1463.0</ele>
   </trkpt>
   <trkpt lat="27.6158290" lon="85.3781410">
    <ele>1463.0</ele>
   </trkpt>
   <trkpt lat="27.6158500" lon="85.3781510">
    <ele>1463.0</ele>
   </trkpt>
   <trkpt lat="27.6158580" lon="85.3781530">
    <ele>1463.0</ele>
   </trkpt>
   <trkpt lat="27.6158650" lon="85.3781560">
    <ele>1463.0</ele>
   </trkpt>
   <trkpt lat="27.6158730" lon="85.3781580">
    <ele>1463.0</ele>
   </trkpt>
   <trkpt lat="27.6159000" lon="85.3781690">
    <ele>1463.0</ele>
   </trkpt>
   <trkpt lat="27.6159090" lon="85.3781720">
    <ele>1464.0</ele>
   </trkpt>
   <trkpt lat="27.6159180" lon="85.3781750">
    <ele>1464.0</ele>
   </trkpt>
   <trkpt lat="27.6159270" lon="85.3781780">
    <ele>1464.0</ele>
   </trkpt>
   <trkpt lat="27.6159580" lon="85.3781870">
    <ele>1464.0</ele>
   </trkpt>
   <trkpt lat="27.6159690" lon="85.3781910">
    <ele>1464.0</ele>
   </trkpt>
   <trkpt lat="27.6159800" lon="85.3781950">
    <ele>1464.0</ele>
   </trkpt>
   <trkpt lat="27.6159910" lon="85.3781990">
    <ele>1464.0</ele>
   </trkpt>
   <trkpt lat="27.6160250" lon="85.3782080">
    <ele>1464.0</ele>
   </trkpt>
   <trkpt lat="27.6160340" lon="85.3782080">
    <ele>1464.0</ele>
   </trkpt>
   <trkpt lat="27.6160440" lon="85.3782080">
    <ele>1464.0</ele>
   </trkpt>
   <trkpt lat="27.6160540" lon="85.3782090">
    <ele>1464.0</ele>
   </trkpt>
   <trkpt lat="27.6160790" lon="85.3782050">
    <ele>1464.0</ele>
   </trkpt>
   <trkpt lat="27.6160870" lon="85.3782020">
    <ele>1465.0</ele>
   </trkpt>
   <trkpt lat="27.6160950" lon="85.3781990">
    <ele>1465.0</ele>
   </trkpt>
   <trkpt lat="27.6161020" lon="85.3781970">
    <ele>1465.0</ele>
   </trkpt>
   <trkpt lat="27.6161230" lon="85.3781850">
    <ele>1465.0</ele>
   </trkpt>
   <trkpt lat="27.6161310" lon="85.3781820">
    <ele>1466.0</ele>
   </trkpt>
   <trkpt lat="27.6161390" lon="85.3781800">
    <ele>1466.0</ele>
   </trkpt>
   <trkpt lat="27.6161480" lon="85.3781780">
    <ele>1466.0</ele>
   </trkpt>
   <trkpt lat="27.6161760" lon="85.3781760">
    <ele>1466.0</ele>
   </trkpt>
   <trkpt lat="27.6161870" lon="85.3781760">
    <ele>1466.0</ele>
   </trkpt>
   <trkpt lat="27.6161990" lon="85.3781760">
    <ele>1466.0</ele>
   </trkpt>
   <trkpt lat="27.6162100" lon="85.3781770">
    <ele>1466.0</ele>
   </trkpt>
   <trkpt lat="27.6162440" lon="85.3781790">
    <ele>1466.0</ele>
   </trkpt>
   <trkpt lat="27.6162560" lon="85.3781800">
    <ele>1466.0</ele>
   </trkpt>
   <trkpt lat="27.6162680" lon="85.3781820">
    <ele>1466.0</ele>
   </trkpt>
   <trkpt lat="27.6162800" lon="85.3781830">
    <ele>1466.0</ele>
   </trkpt>
   <trkpt lat="27.6163150" lon="85.3781850">
    <ele>1466.0</ele>
   </trkpt>
   <trkpt lat="27.6163260" lon="85.3781840">
    <ele>1466.0</ele>
   </trkpt>
   <trkpt lat="27.6163370" lon="85.3781830">
    <ele>1465.0</ele>
   </trkpt>
   <trkpt lat="27.6163480" lon="85.3781820">
    <ele>1465.0</ele>
   </trkpt>
   <trkpt lat="27.6163790" lon="85.3781800">
    <ele>1465.0</ele>
   </trkpt>
   <trkpt lat="27.6163900" lon="85.3781800">
    <ele>1465.0</ele>
   </trkpt>
   <trkpt lat="27.6164000" lon="85.3781790">
    <ele>1465.0</ele>
   </trkpt>
   <trkpt lat="27.6164110" lon="85.3781790">
    <ele>1465.0</ele>
   </trkpt>
   <trkpt lat="27.6164410" lon="85.3781790">
    <ele>1465.0</ele>
   </trkpt>
   <trkpt lat="27.6164510" lon="85.3781770">
    <ele>1465.0</ele>
   </trkpt>
   <trkpt lat="27.6164600" lon="85.3781750">
    <ele>1464.0</ele>
   </trkpt>
   <trkpt lat="27.6164690" lon="85.3781740">
    <ele>1464.0</ele>
   </trkpt>
   <trkpt lat="27.6164970" lon="85.3781630">
    <ele>1464.0</ele>
   </trkpt>
   <trkpt lat="27.6165060" lon="85.3781580">
    <ele>1464.0</ele>
   </trkpt>
   <trkpt lat="27.6165160" lon="85.3781540">
    <ele>1463.0</ele>
   </trkpt>
   <trkpt lat="27.6165260" lon="85.3781500">
    <ele>1463.0</ele>
   </trkpt>
   <trkpt lat="27.6165580" lon="85.3781380">
    <ele>1463.0</ele>
   </trkpt>
   <trkpt lat="27.6165700" lon="85.3781350">
    <ele>1463.0</ele>
   </trkpt>
   <trkpt lat="27.6165810" lon="85.3781320">
    <ele>1463.0</ele>
   </trkpt>
   <trkpt lat="27.6165930" lon="85.3781290">
    <ele>1463.0</ele>
   </trkpt>
   <trkpt lat="27.6166280" lon="85.3781230">
    <ele>1463.0</ele>
   </trkpt>
   <trkpt lat="27.6166380" lon="85.3781220">
    <ele>1464.0</ele>
   </trkpt>
   <trkpt lat="27.6166490" lon="85.3781200">
    <ele>1464.0</ele>
   </trkpt>
   <trkpt lat="27.6166590" lon="85.3781190">
    <ele>1464.0</ele>
   </trkpt>
   <trkpt lat="27.6166840" lon="85.3781160">
    <ele>1464.0</ele>
   </trkpt>
   <trkpt lat="27.6166920" lon="85.3781180">
    <ele>1465.0</ele>
   </trkpt>
   <trkpt lat="27.6167000" lon="85.3781200">
    <ele>1465.0</ele>
   </trkpt>
   <trkpt lat="27.6167080" lon="85.3781220">
    <ele>1465.0</ele>
   </trkpt>
   <trkpt lat="27.6167310" lon="85.3781360">
    <ele>1465.0</ele>
   </trkpt>
   <trkpt lat="27.6167380" lon="85.3781430">
    <ele>1466.0</ele>
   </trkpt>
   <trkpt lat="27.6167460" lon="85.3781500">
    <ele>1466.0</ele>
   </trkpt>
   <trkpt lat="27.6167530" lon="85.3781570">
    <ele>1466.0</ele>
   </trkpt>
   <trkpt lat="27.6167720" lon="85.3781770">
    <ele>1466.0</ele>
   </trkpt>
   <trkpt lat="27.6167780" lon="85.3781830">
    <ele>1466.0</ele>
   </trkpt>
   <trkpt lat="27.6167840" lon="85.3781890">
    <ele>1466.0</ele>
   </trkpt>
   <trkpt lat="27.6167900" lon="85.3781940">
    <ele>1466.0</ele>
   </trkpt>
   <trkpt lat="27.6168060" lon="85.3782140">
    <ele>1466.0</ele>
   </trkpt>
   <trkpt lat="27.6168100" lon="85.3782220">
    <ele>1467.0</ele>
   </trkpt>
   <trkpt lat="27.6168150" lon="85.3782300">
    <ele>1467.0</ele>
   </trkpt>
   <trkpt lat="27.6168200" lon="85.3782380">
    <ele>1467.0</ele>
   </trkpt>
   <trkpt lat="27.6168360" lon="85.3782640">
    <ele>1467.0</ele>
   </trkpt>
   <trkpt lat="27.6168410" lon="85.3782720">
    <ele>1468.0</ele>
   </trkpt>
   <trkpt lat="27.6168460" lon="85.3782790">
    <ele>1468.0</ele>
   </trkpt>
   <trkpt lat="27.6168520" lon="85.3782870">
    <ele>1468.0</ele>
   </trkpt>
   <trkpt lat="27.6168670" lon="85.3783050">
    <ele>1468.0</ele>
   </trkpt>
   <trkpt lat="27.6168720" lon="85.3783120">
    <ele>1468.0</ele>
   </trkpt>
   <trkpt lat="27.6168770" lon="85.3783180">
    <ele>1468.0</ele>
   </trkpt>
   <trkpt lat="27.6168820" lon="85.3783250">
    <ele>1468.0</ele>
   </trkpt>
   <trkpt lat="27.6168960" lon="85.3783500">
    <ele>1468.0</ele>
   </trkpt>
   <trkpt lat="27.6169010" lon="85.3783580">
    <ele>1469.0</ele>
   </trkpt>
   <trkpt lat="27.6169060" lon="85.3783670">
    <ele>1469.0</ele>
   </trkpt>
   <trkpt lat="27.6169100" lon="85.3783760">
    <ele>1469.0</ele>
   </trkpt>
   <trkpt lat="27.6169220" lon="85.3783960">
    <ele>1469.0</ele>
   </trkpt>
   <trkpt lat="27.6169260" lon="85.3784020">
    <ele>1470.0</ele>
   </trkpt>
   <trkpt lat="27.6169290" lon="85.3784090">
    <ele>1470.0</ele>
   </trkpt>
   <trkpt lat="27.6169320" lon="85.3784150">
    <ele>1470.0</ele>
   </trkpt>
   <trkpt lat="27.6169440" lon="85.3784400">
    <ele>1470.0</ele>
   </trkpt>
   <trkpt lat="27.6169480" lon="85.3784490">
    <ele>1471.0</ele>
   </trkpt>
   <trkpt lat="27.6169520" lon="85.3784580">
    <ele>1471.0</ele>
   </trkpt>
   <trkpt lat="27.6169560" lon="85.3784660">
    <ele>1471.0</ele>
   </trkpt>
   <trkpt lat="27.6169690" lon="85.3784930">
    <ele>1471.0</ele>
   </trkpt>
   <trkpt lat="27.6169750" lon="85.3785010">
    <ele>1471.0</ele>
   </trkpt>
   <trkpt lat="27.6169810" lon="85.3785080">
    <ele>1471.0</ele>
   </trkpt>
   <trkpt lat="27.6169860" lon="85.3785160">
    <ele>1471.0</ele>
   </trkpt>
   <trkpt lat="27.6170030" lon="85.3785340">
    <ele>1471.0</ele>
   </trkpt>
   <trkpt lat="27.6170080" lon="85.3785410">
    <ele>1472.0</ele>
   </trkpt>
   <trkpt lat="27.6170140" lon="85.3785470">
    <ele>1472.0</ele>
   </trkpt>
   <trkpt lat="27.6170190" lon="85.3785540">
    <ele>1472.0</ele>
   </trkpt>
   <trkpt lat="27.6170400" lon="85.3785760">
    <ele>1472.0</ele>
   </trkpt>
   <trkpt lat="27.6170470" lon="85.3785830">
    <ele>1472.0</ele>
   </trkpt>
   <trkpt lat="27.6170550" lon="85.3785900">
    <ele>1472.0</ele>
   </trkpt>
   <trkpt lat="27.6170620" lon="85.3785980">
    <ele>1472.0</ele>
   </trkpt>
   <trkpt lat="27.6170830" lon="85.3786210">
    <ele>1472.0</ele>
   </trkpt>
   <trkpt lat="27.6170890" lon="85.3786290">
    <ele>1473.0</ele>
   </trkpt>
   <trkpt lat="27.6170950" lon="85.3786370">
    <ele>1473.0</ele>
   </trkpt>
   <trkpt lat="27.6171010" lon="85.3786450">
    <ele>1473.0</ele>
   </trkpt>
   <trkpt lat="27.6171160" lon="85.3786700">
    <ele>1473.0</ele>
   </trkpt>
   <trkpt lat="27.6171200" lon="85.3786790">
    <ele>1473.0</ele>
   </trkpt>
   <trkpt lat="27.6171240" lon="85.3786880">
    <ele>1473.0</ele>
   </trkpt>
   <trkpt lat="27.6171290" lon="85.3786970">
    <ele>1473.0</ele>
   </trkpt>
   <trkpt lat="27.6171410" lon="85.3787250">
    <ele>1473.0</ele>
   </trkpt>
   <trkpt lat="27.6171440" lon="85.3787340">
    <ele>1473.0</ele>
   </trkpt>
   <trkpt lat="27.6171480" lon="85.3787440">
    <ele>1473.0</ele>
   </trkpt>
   <trkpt lat="27.6171520" lon="85.3787540">
    <ele>1473.0</ele>
   </trkpt>
   <trkpt lat="27.6171610" lon="85.3787790">
    <ele>1473.0</ele>
   </trkpt>
   <trkpt lat="27.6171630" lon="85.3787870">
    <ele>1473.0</ele>
   </trkpt>
   <trkpt lat="27.6171660" lon="85.3787950">
    <ele>1473.0</ele>
   </trkpt>
   <trkpt lat="27.6171680" lon="85.3788030">
    <ele>1473.0</ele>
   </trkpt>
   <trkpt lat="27.6171790" lon="85.3788280">
    <ele>1473.0</ele>
   </trkpt>
   <trkpt lat="27.6171840" lon="85.3788360">
    <ele>1474.0</ele>
   </trkpt>
   <trkpt lat="27.6171880" lon="85.3788450">
    <ele>1474.0</ele>
   </trkpt>
   <trkpt lat="27.6171930" lon="85.3788530">
    <ele>1474.0</ele>
   </trkpt>
   <trkpt lat="27.6172090" lon="85.3788750">
    <ele>1474.0</ele>
   </trkpt>
   <trkpt lat="27.6172140" lon="85.3788820">
    <ele>1474.0</ele>
   </trkpt>
   <trkpt lat="27.6172190" lon="85.3788890">
    <ele>1474.0</ele>
   </trkpt>
   <trkpt lat="27.6172240" lon="85.3788960">
    <ele>1474.0</ele>
   </trkpt>
   <trkpt lat="27.6172380" lon="85.3789180">
    <ele>1474.0</ele>
   </trkpt>
   <trkpt lat="27.6172430" lon="85.3789240">
    <ele>1475.0</ele>
   </trkpt>
   <trkpt lat="27.6172470" lon="85.3789300">
    <ele>1475.0</ele>
   </trkpt>
   <trkpt lat="27.6172520" lon="85.3789370">
    <ele>1475.0</ele>
   </trkpt>
   <trkpt lat="27.6172670" lon="85.3789520">
    <ele>1475.0</ele>
   </trkpt>
   <trkpt lat="27.6172720" lon="85.3789580">
    <ele>1476.0</ele>
   </trkpt>
   <trkpt lat="27.6172770" lon="85.3789640">
    <ele>1476.0</ele>
   </trkpt>
   <trkpt lat="27.6172820" lon="85.3789700">
    <ele>1476.0</ele>
   </trkpt>
   <trkpt lat="27.6172930" lon="85.3789930">
    <ele>1476.0</ele>
   </trkpt>
   <trkpt lat="27.6172950" lon="85.3790030">
    <ele>1477.0</ele>
   </trkpt>
   <trkpt lat="27.6172970" lon="85.3790130">
    <ele>1477.0</ele>
   </trkpt>
   <trkpt lat="27.6173000" lon="85.3790220">
    <ele>1477.0</ele>
   </trkpt>
   <trkpt lat="27.6173000" lon="85.3790530">
    <ele>1477.0</ele>
   </trkpt>
   <trkpt lat="27.6172950" lon="85.3790580">
    <ele>1478.0</ele>
   </trkpt>
   <trkpt lat="27.6172900" lon="85.3790630">
    <ele>1478.0</ele>
   </trkpt>
   <trkpt lat="27.6172850" lon="85.3790670">
    <ele>1478.0</ele>
   </trkpt>
   <trkpt lat="27.6172690" lon="85.3790580">
    <ele>1478.0</ele>
   </trkpt>
   <trkpt lat="27.6172650" lon="85.3790510">
    <ele>1478.0</ele>
   </trkpt>
   <trkpt lat="27.6172610" lon="85.3790430">
    <ele>1477.0</ele>
   </trkpt>
   <trkpt lat="27.6172570" lon="85.3790350">
    <ele>1477.0</ele>
   </trkpt>
   <trkpt lat="27.6172460" lon="85.3790110">
    <ele>1477.0</ele>
   </trkpt>
   <trkpt lat="27.6172460" lon="85.3790110">
    <ele>1477.0</ele>
   </trkpt>
   <trkpt lat="27.6172460" lon="85.3790110">
    <ele>1477.0</ele>
   </trkpt>
  </trkseg>
 </trk>
</gpx>
